{"metadata":{"asset_id":"cc4028c8-1c27-492b-b58c-d14fa35ffd3d","asset_attributes":["data_asset"],"name":"RI-data-ML.csv","asset_type":"data_asset","created_at":"2022-08-03T09:46:51Z","origin_country":"us","owner_id":"1000330999","project_id":"b572d5a0-6011-4d12-a246-29c8adb0a172","size":36734,"usage":{"last_update_time":1659520011937,"last_updated_at":"2022-08-03T09:46:51Z"}},"entity":{"data_asset":{"mime_type":"text/csv","dataset":false}},"attachments":[{"id":"1cc87058-cbc8-439e-b684-76a0b7d150c0","version":2,"asset_type":"data_asset","name":"RI-data-ML.csv","mime":"text/csv","datasource_type":"81bafdbd-b7c6-45c5-a4fd-6ec135f66f4e","object_key":"data_asset/RI-data-ML.csv","creator_id":"1000330999","create_time":1659520011947,"size":36734,"is_remote":false,"is_managed":false,"is_referenced":true,"is_object_key_read_only":true,"is_user_provided_path_key":true,"transfer_complete":true,"is_partitioned":false,"complete_time_ticks":1659520011947,"user_data":{},"test_doc":0,"handle":{"key":"data_asset/RI-data-ML.csv","upload_id":"done","max_part_num":1},"usage":{"access_count":0,"last_accessor_id":"1000330999","last_access_time":1659520011947}}]}