{"metadata":{"asset_id":"cda71a8a-7142-4b47-9faa-98044fab6ff3","asset_attributes":["notebook"],"name":"Region-All-Decision-Tree","asset_type":"notebook","created_at":"2022-08-03T09:56:42Z","description":"In this lab exercise, you will learn a popular machine learning algorithm, Decision Tree. You will use this classification algorithm to build a model from historical data of region and their total cases. Then you use the trained decision tree to predict the Risk Index of a region.","origin_country":"us","owner_id":"1000330999","project_id":"b572d5a0-6011-4d12-a246-29c8adb0a172","size":188356,"tags":["notebook"],"usage":{"last_update_time":1660116268497,"last_updated_at":"2022-08-10T07:24:28Z"}},"entity":{"notebook":{"kernel":{"name":"python3","display_name":"Python 3.9","language":"python"},"originates_from":{"type":"blank"},"runtime":{"environment":"jupconda221-b572d5a0-6011-4d12-a246-29c8adb0a172"}}},"attachments":[{"id":"227f154e-87e2-4f3a-9a57-4ddcce1e2cb5","version":2,"asset_type":"notebook","name":"attachment for notebook cda71a8a-7142-4b47-9faa-98044fab6ff3","description":"attachment for notebook cda71a8a-7142-4b47-9faa-98044fab6ff3","mime":"application/json","datasource_type":"81bafdbd-b7c6-45c5-a4fd-6ec135f66f4e","object_key":"notebook/Region-All-Decision-Tree_nAXSfhuXZ.ipynb","creator_id":"1000330999","create_time":1659520602991,"size":188356,"is_remote":false,"is_managed":false,"is_referenced":true,"is_object_key_read_only":false,"is_user_provided_path_key":true,"transfer_complete":true,"is_partitioned":false,"complete_time_ticks":1659520602991,"user_data":{},"test_doc":0,"handle":{"key":"notebook/Region-All-Decision-Tree_nAXSfhuXZ.ipynb","upload_id":"done","max_part_num":1},"usage":{"access_count":2,"last_accessor_id":"1000330999","last_access_time":1659521526778,"last_updater_id":"1000330999","last_update_time":1659521526778}}]}