{"name":"New dashboard","layout":{"id":"model0000018218cc22b7_00000000","items":[{"id":"model0000018218cc22b7_00000001","items":[{"id":"model0000018218cc22b8_00000000","css":"templateBox aspectRatio_default","items":[{"id":"model0000018218cc22b8_00000001","style":{"top":"0%","left":"0%","right":"0%","bottom":"0%"},"type":"templateIndicator"},{"id":"model0000018218cffa95_00000000","style":{"left":"0%","top":"0%","height":"33.55%","width":"23.102170275030016%"},"type":"widget","relatedLayouts":"","content":{}},{"id":"model0000018218d3d171_00000000","style":{"left":"0%","top":"33.333333333333336%","height":"33.88582554517134%","width":"23.267153233508278%"},"type":"widget","relatedLayouts":"","content":{}},{"id":"model0000018218d3f37a_00000002","style":{"left":"0%","top":"66.82242990654206%","height":"33.07663551401869%","width":"23.238414831819018%"},"type":"widget","relatedLayouts":"","content":{}},{"id":"model0000018218dbfc8c_00000002","style":{"left":"23.13090867671927%","top":"0.6230529595015576%","height":"32.90981308411215%","width":"24.980417582995276%"},"type":"widget","relatedLayouts":"","content":{}},{"id":"model0000018218dc6bd8_00000003","style":{"left":"23.043291598398362%","top":"33.64485981308411%","height":"33.848130841121495%","width":"25.08450667204052%"},"type":"widget","relatedLayouts":"","content":{}},{"id":"model0000018218dc8616_00000003","style":{"left":"23.043291598398362%","top":"67.13395638629284%","height":"32.81619937694704%","width":"25.13033040400235%"},"type":"widget","relatedLayouts":"","content":{}},{"id":"model0000018218e16cc4_00000000","style":{"left":"48.050579557428875%","top":"0%","height":"33.63918383251032%","width":"33.09894625922023%"},"type":"widget","relatedLayouts":"","content":{}},{"id":"model0000018218e388d7_00000004","style":{"left":"48.12328767123287%","top":"33.71973653645853%","height":"33.63918383251032%","width":"33.09894625922023%"},"type":"widget","relatedLayouts":"","content":{}},{"id":"model0000018218e3c1b7_00000004","style":{"left":"48.10432033719705%","top":"66.3154818550351%","height":"33.63918383251032%","width":"33.09894625922023%"},"type":"widget","relatedLayouts":"","content":{}},{"id":"model0000018218e501ef_00000000","style":{"left":"80.89518572181244%","top":"66.3154818550351%","height":"33.68320682187736%","width":"19.104814278187565%"},"type":"widget","relatedLayouts":"","content":{}},{"id":"model0000018218e835f1_00000003","style":{"left":"80.89518572181244%","top":"33.907068406105516%","height":"33.68320682187736%","width":"19.104814278187565%"},"type":"widget","relatedLayouts":"","content":{}},{"id":"model0000018218e853b5_00000003","style":{"left":"80.82191780821918%","top":"0%","height":"33.68320682187736%","width":"19.104814278187565%"},"type":"widget","relatedLayouts":"","content":{}}],"type":"genericPage","layoutPositioning":"relative"}],"type":"container","title":{"translationTable":{"Default":"Risk Index"}},"templateName":"Template1"},{"id":"model0000018218cf708f_00000000","items":[{"id":"model0000018218cf7090_00000000","css":"templateBox aspectRatio_default","items":[{"id":"model0000018218cf7090_00000001","style":{"top":"0%","left":"0%","right":"0%","bottom":"0%"},"type":"templateIndicator"},{"id":"model0000018218e9768d_00000000","style":{"left":"0%","top":"0%","height":"99.99868867691245%","width":"61.104636459430985%"},"type":"widget","relatedLayouts":"","content":{}},{"id":"model0000018218ed339c_00000000","style":{"left":"60.90621707060063%","top":"0%","height":"99.99868867691245%","width":"39.09378292939937%"},"type":"widget","relatedLayouts":"","content":{}}],"type":"genericPage","layoutPositioning":"relative"}],"type":"container","title":{"translationTable":{"Default":"Flanders Prediction"}},"templateName":"Template1"}],"style":{"height":"100%"},"type":"tab","showGrid":true,"snapGrid":true,"snapObjects":true,"pageSize":{"width":1280,"height":720},"layoutPositioning":"relative","fitPage":true},"theme":"darkTheme","version":1601,"eventGroups":[{"id":"model0000018218cc22b7_00000001:1","widgetIds":["model0000018218cffa95_00000000","model0000018218d3d171_00000000","model0000018218d3f37a_00000002","model0000018218dbfc8c_00000002","model0000018218dc6bd8_00000003","model0000018218dc8616_00000003","model0000018218e16cc4_00000000","model0000018218e388d7_00000004","model0000018218e3c1b7_00000004","model0000018218e501ef_00000000","model0000018218e835f1_00000003","model0000018218e853b5_00000003"]},{"id":"model0000018218cf708f_00000000:1","widgetIds":["model0000018218e9768d_00000000","model0000018218ed339c_00000000"]}],"properties":{"customColors":{"colors":["#0479b5"]},"defaultLocale":"Default","fredIsRed":true},"drillThrough":[],"fredIsRed":{"id":"model0000018218cc22b6_00000003","colorMap":{},"saveId":2},"pageContext":[],"dataSources":{"version":"1.0","sources":[{"id":"model0000018218cc66bc_00000001","assetId":"assetId0000018218cc66b9_00000000","clientId":"fb03fb97-edbb-43b7-81e6-677cff8c050b:------------------------------------:/public/flanders_cases_prediction_table:table:flanders_cases_prediction_table","module":{"xsd":"https://ibm.com/daas/module/1.0/module.xsd","source":{"id":"","user":"","password":"","jdbc":{"jdbcUrl":"","driverClassName":"org.postgresql.Driver","schema":""}},"label":"flanders_cases_prediction_table","identifier":"flanders_cases_prediction_table","table":{"column":[{"datatype":"integer","nullable":false,"name":"cases","label":"cases","usage":"fact","regularAggregate":"total","taxonomyFamily":"cNone"}],"name":"flanders_cases_prediction_table","label":"flanders_cases_prediction_table","description":""}},"name":"flanders_cases_prediction_table","shaping":{"embeddedModuleUpToDate":true}},{"id":"model0000018218cca39f_00000002","assetId":"assetId0000018218cca39f_00000000","clientId":"fb03fb97-edbb-43b7-81e6-677cff8c050b:------------------------------------:/public/ts_wallonia_region_table:table:ts_wallonia_region_table","module":{"xsd":"https://ibm.com/daas/module/1.0/module.xsd","source":{"id":"","user":"","password":"","jdbc":{"jdbcUrl":"","driverClassName":"org.postgresql.Driver","schema":""}},"label":"ts_wallonia_region_table","identifier":"ts_wallonia_region_table","table":{"column":[{"datatype":"date","nullable":false,"name":"date","label":"date","usage":"attribute","regularAggregate":"countDistinct","taxonomyFamily":"cDate"},{"datatype":"varchar(30)","nullable":false,"name":"region","label":"region","usage":"attribute","regularAggregate":"countDistinct","taxonomyFamily":"cRegion"},{"datatype":"integer","nullable":false,"name":"total_cases","label":"total_cases","usage":"fact","regularAggregate":"total","taxonomyFamily":"cNone"}],"name":"ts_wallonia_region_table","label":"ts_wallonia_region_table","description":""}},"name":"ts_wallonia_region_table","shaping":{"embeddedModuleUpToDate":true}},{"id":"model0000018218ccf2ec_00000002","assetId":"assetId0000018218ccf2ec_00000000","clientId":"fb03fb97-edbb-43b7-81e6-677cff8c050b:------------------------------------:/public/ts_brussels_region_table:table:ts_brussels_region_table","module":{"xsd":"https://ibm.com/daas/module/1.0/module.xsd","source":{"id":"","user":"","password":"","jdbc":{"jdbcUrl":"","driverClassName":"org.postgresql.Driver","schema":""}},"label":"ts_brussels_region_table","identifier":"ts_brussels_region_table","table":{"column":[{"datatype":"date","nullable":false,"name":"date","label":"date","usage":"attribute","regularAggregate":"countDistinct","taxonomyFamily":"cDate"},{"datatype":"varchar(30)","nullable":false,"name":"region","label":"region","usage":"attribute","regularAggregate":"countDistinct","taxonomyFamily":"cRegion"},{"datatype":"integer","nullable":false,"name":"total_cases","label":"total_cases","usage":"fact","regularAggregate":"total","taxonomyFamily":"cNone"}],"name":"ts_brussels_region_table","label":"ts_brussels_region_table","description":""}},"name":"ts_brussels_region_table","shaping":{"embeddedModuleUpToDate":true}},{"id":"model0000018218cd2cc4_00000002","assetId":"assetId0000018218cd2cc4_00000000","clientId":"fb03fb97-edbb-43b7-81e6-677cff8c050b:------------------------------------:/public/ts_regional_risk_index_table:table:ts_regional_risk_index_table","module":{"xsd":"https://ibm.com/daas/module/1.0/module.xsd","source":{"id":"","user":"","password":"","jdbc":{"jdbcUrl":"","driverClassName":"org.postgresql.Driver","schema":""}},"label":"ts_regional_risk_index_table","identifier":"ts_regional_risk_index_table","table":{"column":[{"datatype":"date","nullable":false,"name":"date","label":"date","usage":"attribute","regularAggregate":"countDistinct","taxonomyFamily":"cDate"},{"datatype":"varchar(30)","nullable":false,"name":"region","label":"region","usage":"attribute","regularAggregate":"countDistinct","taxonomyFamily":"cRegion"},{"datatype":"integer","nullable":false,"name":"total_cases","label":"total_cases","usage":"fact","regularAggregate":"total","taxonomyFamily":"cNone"},{"datatype":"integer","nullable":false,"name":"risk_index","label":"risk_index","usage":"fact","regularAggregate":"total","taxonomyFamily":"cNone"}],"name":"ts_regional_risk_index_table","label":"ts_regional_risk_index_table","description":""}},"name":"ts_regional_risk_index_table","shaping":{"embeddedModuleUpToDate":true}},{"id":"model0000018218cd6378_00000001","assetId":"assetId0000018218cd6375_00000000","clientId":"fb03fb97-edbb-43b7-81e6-677cff8c050b:------------------------------------:/public/ts_flanders_region_table:table:ts_flanders_region_table","module":{"xsd":"https://ibm.com/daas/module/1.0/module.xsd","source":{"id":"","user":"","password":"","jdbc":{"jdbcUrl":"","driverClassName":"org.postgresql.Driver","schema":""}},"label":"ts_flanders_region_table","identifier":"ts_flanders_region_table","table":{"column":[{"datatype":"date","nullable":false,"name":"date","label":"date","usage":"attribute","regularAggregate":"countDistinct","taxonomyFamily":"cDate"},{"datatype":"varchar(30)","nullable":false,"name":"region","label":"region","usage":"attribute","regularAggregate":"countDistinct","taxonomyFamily":"cRegion"},{"datatype":"integer","nullable":false,"name":"total_cases","label":"total_cases","usage":"fact","regularAggregate":"total","taxonomyFamily":"cNone"}],"name":"ts_flanders_region_table","label":"ts_flanders_region_table","description":""}},"name":"ts_flanders_region_table","shaping":{"embeddedModuleUpToDate":true}}]},"widgets":{"model0000018218cffa95_00000000":{"type":"live","id":"model0000018218cffa95_00000000","visId":"com.ibm.vis.rave2bundletiledmap","titleHtml":{"translationTable":{"Default":"<div class=\"widgetTitle\" title=\"\" aria-labelledby=\"model0000018218cffa95_00000000Title\" appcues-data-id=\"widgetTitle\"><div class=\"textArea\"><div class=\"summernote\" style=\"display: none;\"></div><div class=\"note-editor\"><div class=\"note-dropzone\">  <div class=\"note-dropzone-message\"></div></div><div class=\"note-editing-area\"><div class=\"note-handle\"><div class=\"note-control-selection\" style=\"display: none;\"><div class=\"note-control-selection-bg\"></div><div class=\"note-control-holder note-control-nw\"></div><div class=\"note-control-holder note-control-ne\"></div><div class=\"note-control-holder note-control-sw\"></div><div class=\"note-control-sizing note-control-se\"></div><div class=\"note-control-selection-info\"></div></div></div><div class=\"note-editable\" contenteditable=\"true\" id=\"model0000018218cffa95_00000000Title\"><span class=\"textFitted responsiveColor responsiveFontSize responsiveFontFamily\"><p><span class=\"color1\" style=\"font-size: 16px;\">Flanders</span></p></span></div></div></div></div></div>"}},"name":{"translationTable":{"Default":"Flanders"}},"data":{"dataViews":[{"modelRef":"model0000018218cd2cc4_00000002","dataItems":[{"id":"id1660569201","itemId":"ts_regional_risk_index_table.region","itemLabel":"region","navigationPathId":null}],"id":"model0000018218d02e46_00000000"}]},"visTypeLocked":true,"slotmapping":{"slots":[{"name":"locations","dataItems":["id1660569201"],"layerId":"data.region"}],"layers":[{"type":"data.region","id":"data.region","dataViewId":"model0000018218d02e46_00000000"}]},"properties":[{"id":"mapStyle","value":"streets"},{"id":"autoZoom","value":false},{"id":"enableLayerControl","value":false},{"id":"enableFeatureSearchControl","value":false},{"id":"interactivityState","value":{"smc":1,"sub":[{"i":0,"s":{"version":1,"boundingBox":[[2.214833435621557,49.992847252633226],[7.124098996124616,51.786055666627846]]}}]}},{"id":"maintainAxisScales","value":true}],"localFilters":[{"id":"ts_regional_risk_index_table.region","columnId":"ts_regional_risk_index_table.region","values":[{"d":"Flanders","u":"ts_regional_risk_index_table.region->[Flanders]"}],"excludedValues":[],"operator":"in","type":null,"binsLabel":"region"}],"showTitle":true},"model0000018218d3d171_00000000":{"type":"live","id":"model0000018218d3d171_00000000","visId":"com.ibm.vis.rave2bundletiledmap","titleHtml":{"translationTable":{"Default":"<div class=\"widgetTitle titleShown\" title=\"\" aria-labelledby=\"model0000018218cffa95_00000000Title\" appcues-data-id=\"widgetTitle\"><div class=\"textArea\"><div class=\"summernote\" style=\"display: none;\"></div><div class=\"note-editor\"><div class=\"note-dropzone\">  <div class=\"note-dropzone-message\"></div></div><div class=\"note-editing-area\"><div class=\"note-handle\"><div class=\"note-control-selection\" style=\"display: none;\"><div class=\"note-control-selection-bg\"></div><div class=\"note-control-holder note-control-nw\"></div><div class=\"note-control-holder note-control-ne\"></div><div class=\"note-control-holder note-control-sw\"></div><div class=\"note-control-sizing note-control-se\"></div><div class=\"note-control-selection-info\"></div></div></div><div class=\"note-editable\" contenteditable=\"false\" id=\"model0000018218d3d171_00000000Title\"><span class=\"textFitted responsiveColor responsiveFontSize responsiveFontFamily\"><p><span class=\"color1\" style=\"font-size: 16px;\">Wallonia</span></p></span></div></div></div></div></div>"}},"name":{"translationTable":{"Default":"Wallonia"}},"data":{"dataViews":[{"modelRef":"model0000018218cd2cc4_00000002","dataItems":[{"id":"id1660569201","itemId":"ts_regional_risk_index_table.region","itemLabel":"region","navigationPathId":null}],"id":"model0000018218d02e46_00000000"}]},"visTypeLocked":true,"slotmapping":{"slots":[{"name":"locations","dataItems":["id1660569201"],"dataItemSettings":[],"layerId":"data.region"}],"layers":[{"type":"data.region","id":"data.region","dataViewId":"model0000018218d02e46_00000000"}]},"properties":[{"id":"mapStyle","value":"streets"},{"id":"autoZoom","value":false},{"id":"enableLayerControl","value":false},{"id":"enableFeatureSearchControl","value":false},{"id":"interactivityState","value":{"smc":1,"sub":[{"i":0,"s":{"version":1,"boundingBox":[[2.7019962357722704,49.289409110280474],[6.5480577642280196,51.013188105788174]]}}]}},{"id":"maintainAxisScales","value":true}],"localFilters":[{"id":"ts_regional_risk_index_table.region","columnId":"ts_regional_risk_index_table.region","values":[{"d":"Wallonia","u":"ts_regional_risk_index_table.region->[Wallonia]"}],"operator":"in","type":null,"binsLabel":"region"}],"showTitle":true},"model0000018218d3f37a_00000002":{"type":"live","id":"model0000018218d3f37a_00000002","visId":"com.ibm.vis.rave2bundletiledmap","titleHtml":{"translationTable":{"Default":"<div class=\"widgetTitle titleShown\" title=\"\" aria-labelledby=\"model0000018218cffa95_00000000Title\" appcues-data-id=\"widgetTitle\"><div class=\"textArea\"><div class=\"summernote\" style=\"display: none;\"></div><div class=\"note-editor\"><div class=\"note-dropzone\">  <div class=\"note-dropzone-message\"></div></div><div class=\"note-editing-area\"><div class=\"note-handle\"><div class=\"note-control-selection\" style=\"display: none;\"><div class=\"note-control-selection-bg\"></div><div class=\"note-control-holder note-control-nw\"></div><div class=\"note-control-holder note-control-ne\"></div><div class=\"note-control-holder note-control-sw\"></div><div class=\"note-control-sizing note-control-se\"></div><div class=\"note-control-selection-info\"></div></div></div><div class=\"note-editable\" contenteditable=\"false\" id=\"model0000018218d3f37a_00000002Title\"><span class=\"textFitted responsiveColor responsiveFontSize responsiveFontFamily\"><p><span class=\"color1\" style=\"font-size: 16px;\">Brussels</span></p></span></div></div></div></div></div>"}},"name":{"translationTable":{"Default":"Brussels"}},"data":{"dataViews":[{"modelRef":"model0000018218cd2cc4_00000002","dataItems":[{"id":"id1660569201","itemId":"ts_regional_risk_index_table.region","itemLabel":"region","navigationPathId":null}],"id":"model0000018218d02e46_00000000"}]},"visTypeLocked":true,"slotmapping":{"slots":[{"name":"locations","dataItems":["id1660569201"],"dataItemSettings":[],"layerId":"data.region"}],"layers":[{"type":"data.region","id":"data.region","dataViewId":"model0000018218d02e46_00000000"}]},"properties":[{"id":"mapStyle","value":"streets"},{"id":"autoZoom","value":false},{"id":"enableLayerControl","value":false},{"id":"enableFeatureSearchControl","value":false},{"id":"interactivityState","value":{"smc":1,"sub":[{"i":0,"s":{"version":1,"boundingBox":[[-90.60572877722728,38.94325710329855],[-90.58346519323392,38.95563573110903]]}}]}},{"id":"maintainAxisScales","value":true}],"localFilters":[{"id":"ts_regional_risk_index_table.region","columnId":"ts_regional_risk_index_table.region","values":[{"d":"Brussels","u":"ts_regional_risk_index_table.region->[Brussels]"}],"operator":"in","type":null,"binsLabel":"region"}],"showTitle":true},"model0000018218dbfc8c_00000002":{"type":"live","id":"model0000018218dbfc8c_00000002","visId":"summary","name":{"translationTable":{}},"data":{"dataViews":[{"modelRef":"model0000018218cd6378_00000001","dataItems":[{"id":"id_1925215577","itemId":"ts_flanders_region_table.total_cases","itemLabel":"total_cases","navigationPathId":null}],"id":"model0000018218dbfc8c_00000000"}]},"slotmapping":{"slots":[{"name":"actual","dataItems":["id_1925215577"],"dataItemSettings":[],"layerId":"data"}]},"properties":[{"id":"baseValueLabel","value":{"translationTable":{"Default":"Flanders Total Cases"}}}],"localFilters":[]},"model0000018218dc6bd8_00000003":{"type":"live","id":"model0000018218dc6bd8_00000003","visId":"summary","name":{"translationTable":{}},"data":{"dataViews":[{"modelRef":"model0000018218cca39f_00000002","dataItems":[{"id":"id198062235","itemId":"ts_wallonia_region_table.total_cases","itemLabel":"total_cases","navigationPathId":null}],"id":"model0000018218dfc859_00000000"}]},"slotmapping":{"slots":[{"name":"actual","dataItems":["id198062235"],"dataItemSettings":[],"layerId":"data"}]},"properties":[{"id":"baseValueLabel","value":{"translationTable":{"Default":"Wallonia Total Cases"}}}],"localFilters":[]},"model0000018218dc8616_00000003":{"type":"live","id":"model0000018218dc8616_00000003","visId":"summary","name":{"translationTable":{}},"data":{"dataViews":[{"modelRef":"model0000018218ccf2ec_00000002","dataItems":[{"id":"id_2141644779","itemId":"ts_brussels_region_table.total_cases","itemLabel":"total_cases","navigationPathId":null}],"id":"model0000018218e06781_00000001"}]},"slotmapping":{"slots":[{"name":"actual","dataItems":["id_2141644779"],"dataItemSettings":[],"layerId":"data"}]},"properties":[{"id":"baseValueLabel","value":{"translationTable":{"Default":"Brussels Total Cases"}}}],"localFilters":[]},"model0000018218e16cc4_00000000":{"type":"live","id":"model0000018218e16cc4_00000000","visId":"com.ibm.vis.rave2line","name":{"translationTable":{}},"data":{"dataViews":[{"modelRef":"model0000018218cd6378_00000001","dataItems":[{"id":"id1351364048","itemId":"ts_flanders_region_table.date_","itemLabel":"date","navigationPathId":null},{"id":"id_1925215577","itemId":"ts_flanders_region_table.total_cases","itemLabel":"total_cases","navigationPathId":null}],"id":"model0000018218e351b6_00000000"}]},"visTypeLocked":true,"slotmapping":{"slots":[{"name":"categories","dataItems":["id1351364048"],"layerId":"data"},{"name":"values","dataItems":["id_1925215577"],"layerId":"data"}]},"properties":[],"localFilters":[]},"model0000018218e388d7_00000004":{"type":"live","id":"model0000018218e388d7_00000004","visId":"com.ibm.vis.rave2line","name":{"translationTable":{}},"data":{"dataViews":[{"modelRef":"model0000018218cca39f_00000002","dataItems":[{"id":"id_256156988","itemId":"ts_wallonia_region_table.date_","itemLabel":"date","navigationPathId":null},{"id":"id198062235","itemId":"ts_wallonia_region_table.total_cases","itemLabel":"total_cases","navigationPathId":null}],"id":"model0000018218e42803_00000001"}]},"visTypeLocked":true,"slotmapping":{"slots":[{"name":"categories","dataItems":["id_256156988"],"layerId":"data"},{"name":"values","dataItems":["id198062235"],"layerId":"data"}]},"properties":[],"localFilters":[]},"model0000018218e3c1b7_00000004":{"type":"live","id":"model0000018218e3c1b7_00000004","visId":"com.ibm.vis.rave2line","name":{"translationTable":{}},"data":{"dataViews":[{"modelRef":"model0000018218ccf2ec_00000002","dataItems":[{"id":"id_1015028290","itemId":"ts_brussels_region_table.date_","itemLabel":"date","navigationPathId":null},{"id":"id_2141644779","itemId":"ts_brussels_region_table.total_cases","itemLabel":"total_cases","navigationPathId":null}],"id":"model0000018218e46fb2_00000000"}]},"visTypeLocked":true,"slotmapping":{"slots":[{"name":"categories","dataItems":["id_1015028290"],"layerId":"data"},{"name":"values","dataItems":["id_2141644779"],"layerId":"data"}]},"properties":[],"localFilters":[]},"model0000018218e501ef_00000000":{"type":"live","id":"model0000018218e501ef_00000000","visId":"summary","name":{"translationTable":{}},"data":{"dataViews":[{"modelRef":"model0000018218cd2cc4_00000002","dataItems":[{"id":"id_1263830945","itemId":"ts_regional_risk_index_table.risk_index","itemLabel":"risk_index","aggregate":"avg","format":{"formatSpec":{"type":"number","timezone":"America/New_York","locale":"en","maximumFractionDigits":0,"minimumFractionDigits":0,"useGrouping":false,"local":true}}}],"id":"model0000018218e51f4e_00000000"}]},"visTypeLocked":true,"slotmapping":{"slots":[{"name":"actual","dataItems":["id_1263830945"],"dataItemSettings":[],"layerId":"data"}]},"properties":[{"id":"baseValueLabel","value":{"translationTable":{"Default":"Risk Index"}}}],"localFilters":[{"id":"ts_regional_risk_index_table.region","columnId":"ts_regional_risk_index_table.region","values":[{"d":"Brussels","u":"ts_regional_risk_index_table.region->[Brussels]"}],"excludedValues":[],"operator":"in","type":null,"binsLabel":"region"}]},"model0000018218e835f1_00000003":{"type":"live","id":"model0000018218e835f1_00000003","visId":"summary","name":{"translationTable":{}},"data":{"dataViews":[{"modelRef":"model0000018218cd2cc4_00000002","dataItems":[{"id":"id_1263830945","itemId":"ts_regional_risk_index_table.risk_index","itemLabel":"risk_index","aggregate":"avg","format":{"formatSpec":{"type":"number","timezone":"America/New_York","locale":"en","maximumFractionDigits":0,"minimumFractionDigits":0,"useGrouping":false,"local":true}}}],"id":"model0000018218e51f4e_00000000"}]},"visTypeLocked":true,"slotmapping":{"slots":[{"name":"actual","dataItems":["id_1263830945"],"dataItemSettings":[],"layerId":"data"}]},"properties":[{"id":"baseValueLabel","value":{"translationTable":{"Default":"Risk Index"}}}],"localFilters":[{"id":"ts_regional_risk_index_table.region","columnId":"ts_regional_risk_index_table.region","values":[{"d":"Wallonia","u":"ts_regional_risk_index_table.region->[Wallonia]"}],"operator":"in","type":null,"binsLabel":"region"}]},"model0000018218e853b5_00000003":{"type":"live","id":"model0000018218e853b5_00000003","visId":"summary","name":{"translationTable":{}},"data":{"dataViews":[{"modelRef":"model0000018218cd2cc4_00000002","dataItems":[{"id":"id_1263830945","itemId":"ts_regional_risk_index_table.risk_index","itemLabel":"risk_index","aggregate":"avg","format":{"formatSpec":{"type":"number","timezone":"America/New_York","locale":"en","maximumFractionDigits":0,"minimumFractionDigits":0,"useGrouping":false,"local":true}}}],"id":"model0000018218e51f4e_00000000"}]},"visTypeLocked":true,"slotmapping":{"slots":[{"name":"actual","dataItems":["id_1263830945"],"dataItemSettings":[],"layerId":"data"}]},"properties":[{"id":"baseValueLabel","value":{"translationTable":{"Default":"Risk Index"}}}],"localFilters":[{"id":"ts_regional_risk_index_table.region","columnId":"ts_regional_risk_index_table.region","values":[{"d":"Flanders","u":"ts_regional_risk_index_table.region->[Flanders]"}],"operator":"in","type":null,"binsLabel":"region"}]},"model0000018218e9768d_00000000":{"type":"live","id":"model0000018218e9768d_00000000","visId":"com.ibm.vis.rave2line","titleHtml":{"translationTable":{"Default":"<div class=\"widgetTitle titleShown\" title=\"\" aria-labelledby=\"model0000018218e9768d_00000000Title\" appcues-data-id=\"widgetTitle\"><div class=\"textArea\"><div class=\"summernote\" style=\"display: none;\"></div><div class=\"note-editor\"><div class=\"note-dropzone\">  <div class=\"note-dropzone-message\"></div></div><div class=\"note-editing-area\"><div class=\"note-handle\"><div class=\"note-control-selection\" style=\"display: none;\"><div class=\"note-control-selection-bg\"></div><div class=\"note-control-holder note-control-nw\"></div><div class=\"note-control-holder note-control-ne\"></div><div class=\"note-control-holder note-control-sw\"></div><div class=\"note-control-sizing note-control-se\"></div><div class=\"note-control-selection-info\"></div></div></div><div class=\"note-editable\" contenteditable=\"true\" id=\"model0000018218e9768d_00000000Title\"><span class=\"textFitted responsiveColor responsiveFontSize responsiveFontFamily\"><p><span class=\"color1\">Flanders Covid-19 cases trend in Feb-March 2022</span></p></span></div></div></div></div></div>"}},"name":{"translationTable":{"Default":"Flanders Covid-19 cases trend in Feb-March 2022"}},"data":{"dataViews":[{"modelRef":"model0000018218cd6378_00000001","dataItems":[{"id":"id1351364048","itemId":"ts_flanders_region_table.date_","itemLabel":"date","navigationPathId":null},{"id":"id_1925215577","itemId":"ts_flanders_region_table.total_cases","itemLabel":"total_cases","navigationPathId":null}],"id":"model0000018218e9a407_00000000"}]},"visTypeLocked":true,"slotmapping":{"slots":[{"name":"categories","dataItems":["id1351364048"],"dataItemSettings":[],"layerId":"data"},{"name":"values","dataItems":["id_1925215577"],"layerId":"data"}]},"properties":[],"localFilters":[{"id":"ts_flanders_region_table.date_","columnId":"ts_flanders_region_table.date_","values":[{"d":"2022-02-01","u":"2022-02-01"},{"d":"2022-03-24","u":"2022-03-24"}],"operator":"between","preOrPost":"pre"}],"showTitle":true},"model0000018218ed339c_00000000":{"type":"live","id":"model0000018218ed339c_00000000","visId":"list","titleHtml":{"translationTable":{"Default":"<div class=\"widgetTitle\" title=\"\" aria-labelledby=\"model0000018218ed339c_00000000Title\" appcues-data-id=\"widgetTitle\"><div class=\"textArea\"><div class=\"summernote\" style=\"display: none;\"></div><div class=\"note-editor\"><div class=\"note-dropzone\">  <div class=\"note-dropzone-message\"></div></div><div class=\"note-editing-area\"><div class=\"note-handle\"><div class=\"note-control-selection\" style=\"display: none;\"><div class=\"note-control-selection-bg\"></div><div class=\"note-control-holder note-control-nw\"></div><div class=\"note-control-holder note-control-ne\"></div><div class=\"note-control-holder note-control-sw\"></div><div class=\"note-control-sizing note-control-se\"></div><div class=\"note-control-selection-info\"></div></div></div><div class=\"note-editable\" contenteditable=\"true\" id=\"model0000018218ed339c_00000000Title\"><span class=\"textFitted responsiveColor responsiveFontSize responsiveFontFamily\"><p><span class=\"color1\">Flanders next 15 days prediction</span></p></span></div></div></div></div></div>"}},"name":{"translationTable":{"Default":"Flanders next 15 days prediction"}},"data":{"dataViews":[{"modelRef":"model0000018218cc66bc_00000001","dataItems":[{"id":"id_1434832519","itemId":"flanders_cases_prediction_table.cases","itemLabel":"cases"}],"id":"model0000018218ed4d5b_00000000"}]},"visTypeLocked":true,"slotmapping":{"slots":[{"name":"level1","dataItems":["id_1434832519"],"layerId":"data"}]},"properties":[],"localFilters":[],"showTitle":true}}}