{"name":"New dashboard","theme":"carbonGrey100","version":2150,"eventGroups":[{"id":"model00000181ff555c57_00000000:1","widgetIds":["model00000181ff557995_00000000","model00000181ff558f18_00000000","model00000181ff57b725_00000000","model00000181ff5a5d01_00000000","model00000181ff5e00ed_00000000","model00000181ff5e00f0_00000000","model00000181ff5e00f2_00000000","model00000181ff5e00f4_00000000","model00000181ff60c163_00000000","model00000181ff60c167_00000000","model00000181ff60c169_00000000","model00000181ff60c16b_00000000"]},{"id":"model00000181ff627212_00000000:1","widgetIds":["model00000181ff64813c_00000000","model00000181ff6523f4_00000000"]}],"properties":{"dashboardColorSet":"userPaletteColor","customColors":{"colors":["#8d8d8d","#525252","#f4f4f4"]},"defaultLocale":"Default","fredIsRed":true},"fredIsRed":{"id":"model00000181ff437259_00000000","colorMap":{},"saveId":2},"drillThrough":[],"pageContext":[],"dataSources":{"version":"1.0","sources":[{"id":"model00000181ff43c20e_00000001","assetId":"assetId00000181ff43c20d_00000000","clientId":"b26aa150-87b1-492e-80d0-0984cda53a1b:------------------------------------:/public/ts_regional_risk_index_table:table:ts_regional_risk_index_table","module":{"xsd":"https://ibm.com/daas/module/1.0/module.xsd","source":{"id":"","user":"","password":"","jdbc":{"jdbcUrl":"","driverClassName":"org.postgresql.Driver","schema":""}},"label":"ts_regional_risk_index_table","identifier":"ts_regional_risk_index_table","table":{"column":[{"datatype":"date","nullable":false,"name":"date","label":"date","usage":"attribute","regularAggregate":"countDistinct","taxonomyFamily":"cDate"},{"datatype":"varchar(30)","nullable":false,"name":"region","label":"region","usage":"attribute","regularAggregate":"countDistinct","taxonomyFamily":"cRegion"},{"datatype":"integer","nullable":false,"name":"total_cases","label":"total_cases","usage":"fact","regularAggregate":"total","taxonomyFamily":"cNone"},{"datatype":"integer","nullable":false,"name":"risk_index","label":"risk_index","usage":"fact","regularAggregate":"total","taxonomyFamily":"cNone"}],"name":"ts_regional_risk_index_table","label":"ts_regional_risk_index_table","description":""}},"name":"ts_regional_risk_index_table","shaping":{"references":{},"embeddedModuleUpToDate":true}},{"id":"model00000181ff44e8e3_00000001","assetId":"assetId00000181ff44e8e2_00000000","clientId":"b26aa150-87b1-492e-80d0-0984cda53a1b:------------------------------------:/public/ts_wallonia_region_table:table:ts_wallonia_region_table","module":{"xsd":"https://ibm.com/daas/module/1.0/module.xsd","source":{"id":"","user":"","password":"","jdbc":{"jdbcUrl":"","driverClassName":"org.postgresql.Driver","schema":""}},"label":"ts_wallonia_region_table","identifier":"ts_wallonia_region_table","table":{"column":[{"datatype":"date","nullable":false,"name":"date","label":"date","usage":"attribute","regularAggregate":"countDistinct","taxonomyFamily":"cDate"},{"datatype":"varchar(30)","nullable":false,"name":"region","label":"region","usage":"attribute","regularAggregate":"countDistinct","taxonomyFamily":"cRegion"},{"datatype":"integer","nullable":false,"name":"total_cases","label":"total_cases","usage":"fact","regularAggregate":"total","taxonomyFamily":"cNone"}],"name":"ts_wallonia_region_table","label":"ts_wallonia_region_table","description":""}},"name":"ts_wallonia_region_table","shaping":{"references":{},"embeddedModuleUpToDate":true}},{"id":"model00000181ff4579a3_00000002","assetId":"assetId00000181ff4579a3_00000000","clientId":"b26aa150-87b1-492e-80d0-0984cda53a1b:------------------------------------:/public/ts_flanders_region_table:table:ts_flanders_region_table","module":{"xsd":"https://ibm.com/daas/module/1.0/module.xsd","source":{"id":"","user":"","password":"","jdbc":{"jdbcUrl":"","driverClassName":"org.postgresql.Driver","schema":""}},"label":"ts_flanders_region_table","identifier":"ts_flanders_region_table","table":{"column":[{"datatype":"date","nullable":false,"name":"date","label":"date","usage":"attribute","regularAggregate":"countDistinct","taxonomyFamily":"cDate"},{"datatype":"varchar(30)","nullable":false,"name":"region","label":"region","usage":"attribute","regularAggregate":"countDistinct","taxonomyFamily":"cRegion"},{"datatype":"integer","nullable":false,"name":"total_cases","label":"total_cases","usage":"fact","regularAggregate":"total","taxonomyFamily":"cNone"}],"name":"ts_flanders_region_table","label":"ts_flanders_region_table","description":""}},"name":"ts_flanders_region_table","shaping":{"references":{},"embeddedModuleUpToDate":true}},{"id":"model00000181ff45bcb6_00000002","assetId":"assetId00000181ff45bcb6_00000000","clientId":"b26aa150-87b1-492e-80d0-0984cda53a1b:------------------------------------:/public/ts_brussels_region_table:table:ts_brussels_region_table","module":{"xsd":"https://ibm.com/daas/module/1.0/module.xsd","source":{"id":"","user":"","password":"","jdbc":{"jdbcUrl":"","driverClassName":"org.postgresql.Driver","schema":""}},"label":"ts_brussels_region_table","identifier":"ts_brussels_region_table","table":{"column":[{"datatype":"date","nullable":false,"name":"date","label":"date","usage":"attribute","regularAggregate":"countDistinct","taxonomyFamily":"cDate"},{"datatype":"varchar(30)","nullable":false,"name":"region","label":"region","usage":"attribute","regularAggregate":"countDistinct","taxonomyFamily":"cRegion"},{"datatype":"integer","nullable":false,"name":"total_cases","label":"total_cases","usage":"fact","regularAggregate":"total","taxonomyFamily":"cNone"}],"name":"ts_brussels_region_table","label":"ts_brussels_region_table","description":""}},"name":"ts_brussels_region_table","shaping":{"references":{},"embeddedModuleUpToDate":true}},{"id":"model00000181ff468b22_00000002","assetId":"assetId00000181ff468b22_00000000","clientId":"b26aa150-87b1-492e-80d0-0984cda53a1b:------------------------------------:/public/flanders_cases_prediction_table:table:flanders_cases_prediction_table","module":{"xsd":"https://ibm.com/daas/module/1.0/module.xsd","source":{"id":"","user":"","password":"","jdbc":{"jdbcUrl":"","driverClassName":"org.postgresql.Driver","schema":""}},"label":"flanders_cases_prediction_table","identifier":"flanders_cases_prediction_table","table":{"column":[{"datatype":"integer","nullable":false,"name":"cases","label":"cases","usage":"fact","regularAggregate":"total","taxonomyFamily":"cNone"}],"name":"flanders_cases_prediction_table","label":"flanders_cases_prediction_table","description":""}},"name":"flanders_cases_prediction_table","shaping":{"references":{},"embeddedModuleUpToDate":true}}]},"layout":{"id":"model00000181ff43725a_00000001","css":"fill-color15","style":{"height":"100%"},"type":"tab","fillColor":"color15","showGrid":true,"snapGrid":true,"snapObjects":true,"pageSize":{"width":1280,"height":720},"layoutPositioning":"relative","fitPage":true,"items":[{"id":"model00000181ff555c57_00000000","type":"container","title":{"translationTable":{"Default":"Risk Index"}},"templateName":"Template21","items":[{"id":"model00000181ff555c57_00000002","css":"templateBox aspectRatio_default","type":"genericPage","layoutPositioning":"relative","items":[{"id":"model00000181ff555c58_00000001","style":{"top":"0%","left":"0%","right":"0%","bottom":"70%"},"type":"templateDropZone","templateName":"dz1"},{"id":"model00000181ff555c58_00000003","css":"noBorderTop","style":{"top":"30%","left":"0%","right":"0%","bottom":"35%"},"type":"templateDropZone","templateName":"dz2"},{"id":"model00000181ff555c58_00000005","css":"noBorderTop","style":{"top":"65%","left":"0%","right":"50%","bottom":"0%"},"type":"templateDropZone","templateName":"dz3"},{"id":"model00000181ff555c58_00000007","css":"noBorderLeft noBorderTop","style":{"top":"65%","left":"50%","right":"0%","bottom":"0%"},"type":"templateDropZone","templateName":"dz4"},{"id":"model00000181ff557995_00000000","style":{"left":"26.192794547224928%","top":"0%","height":"30.267549265347387%","width":"21.10671859785784%"},"type":"widget","relatedLayouts":"","features":{"Models_internal":{"type":"live","id":"model00000181ff557995_00000000","visId":"summary","titleHtml":{"translationTable":{"Default":"<div class=\"widgetTitle smallTitle\" title=\"Click to edit title\" aria-labelledby=\"model00000181ff557995_00000000Title\" walkme-data-id=\"widgetTitle\"><div class=\"textArea hidden\"><div class=\"summernote\" style=\"display: none;\"></div><div class=\"note-editor\"><div class=\"note-dropzone\">  <div class=\"note-dropzone-message\"></div></div><div class=\"note-editing-area\"><div class=\"note-handle\"><div class=\"note-control-selection\"><div class=\"note-control-selection-bg\"></div><div class=\"note-control-holder note-control-nw\"></div><div class=\"note-control-holder note-control-ne\"></div><div class=\"note-control-holder note-control-sw\"></div><div class=\"note-control-sizing note-control-se\"></div><div class=\"note-control-selection-info\"></div></div></div><div class=\"note-editable\" contenteditable=\"true\" id=\"model00000181ff557995_00000000Title\"><span class=\"textFitted responsiveColor responsiveFontSize responsiveFontFamily\"><p><span>Click to edit title</span></p></span></div></div></div></div></div>"}},"titleMode":"noTitle","name":{"translationTable":{"Default":"Click to edit title"}},"data":{"dataViews":[{"id":"model00000181ff56565c_00000000","modelRef":"model00000181ff43c20e_00000001","dataItems":[{"id":"id_406672085","itemId":"ts_regional_risk_index_table.total_cases","itemLabel":"total_cases"}]}]},"visTypeLocked":true,"slotmapping":{"slots":[{"name":"actual","dataItems":["id_406672085"]}],"multiMeasureGroups":{}},"properties":[{"id":"elementColor","value":"transparent"},{"id":"baseValueLabel","value":{"translationTable":{"Default":"Flanders Total Cases"}}}],"localFilters":[{"id":"ts_regional_risk_index_table.region","columnId":"ts_regional_risk_index_table.region","values":[{"d":"Flanders","u":"ts_regional_risk_index_table.region->[Flanders]"}],"excludedValues":[],"operator":"in","type":null,"binsLabel":"region"}],"savedPrompts":null}}},{"id":"model00000181ff558f18_00000000","style":{"left":"0%","top":"0%","height":"29.973965185359575%","width":"26.147906523855887%"},"type":"widget","relatedLayouts":"","features":{"Models_internal":{"type":"live","id":"model00000181ff558f18_00000000","visId":"com.ibm.vis.rave2bundletiledmap","titleHtml":{"translationTable":{"Default":"<div class=\"widgetTitle mediumTitle\" title=\"Flanders\" aria-labelledby=\"model00000181ff4e6f54_00000000Title\" walkme-data-id=\"widgetTitle\"><div class=\"textArea\"><div class=\"summernote\" style=\"display: none;\"></div><div class=\"note-editor\"><div class=\"note-dropzone\">  <div class=\"note-dropzone-message\"></div></div><div class=\"note-editing-area\"><div class=\"note-handle\"><div class=\"note-control-selection\" style=\"display: none;\"><div class=\"note-control-selection-bg\"></div><div class=\"note-control-holder note-control-nw\"></div><div class=\"note-control-holder note-control-ne\"></div><div class=\"note-control-holder note-control-sw\"></div><div class=\"note-control-sizing note-control-se\"></div><div class=\"note-control-selection-info\"></div></div></div><div class=\"note-editable\" contenteditable=\"true\" id=\"model00000181ff4e6f54_00000000Title\"><span class=\"textFitted responsiveColor responsiveFontSize responsiveFontFamily\"><p><span>Flanders</span></p></span></div></div></div></div></div>"}},"titleMode":"customTitle","name":{"translationTable":{"Default":"Flanders"}},"data":{"dataViews":[{"id":"model00000181ff51fcce_00000000","modelRef":"model00000181ff43c20e_00000001","dataItems":[{"id":"id1660569201","itemId":"ts_regional_risk_index_table.region","itemLabel":"region"}]}]},"visTypeLocked":true,"slotmapping":{"slots":[{"name":"locations","dataItems":["id1660569201"]}],"multiMeasureGroups":{}},"properties":[{"id":"map.style.2","value":"streets"},{"id":"autoZoom","value":false},{"id":"enableLayerControl","value":false},{"id":"enableFeatureSearchControl","value":false},{"id":"interactivityState","value":{"svc":1,"sub":[{"i":0,"s":{"version":1,"boundingBox":[[-2.315082212515506,48.6325490930316],[11.69639177115468,53.10267295460787]],"pitch":0,"bearing":0}}],"ltc":null,"lts":null,"ltid":"GridLayouter"}},{"id":"maintainAxisScales","value":true}],"localFilters":[{"id":"ts_regional_risk_index_table.region","columnId":"ts_regional_risk_index_table.region","values":[{"d":"Flanders","u":"ts_regional_risk_index_table.region->[Flanders]"}],"excludedValues":[],"operator":"in","type":null,"binsLabel":"region"}],"savedPrompts":null}}},{"id":"model00000181ff57b725_00000000","style":{"left":"47.32229795520935%","top":"0%","height":"29.942979601445764%","width":"37.3904576436222%"},"type":"widget","relatedLayouts":"","features":{"Models_internal":{"type":"live","id":"model00000181ff57b725_00000000","visId":"com.ibm.vis.rave2line","name":{"translationTable":{}},"data":{"dataViews":[{"id":"model00000181ff582fbf_00000000","modelRef":"model00000181ff43c20e_00000001","dataItems":[{"id":"id_406672085","itemId":"ts_regional_risk_index_table.total_cases","itemLabel":"total_cases"},{"id":"id179077972","itemId":"ts_regional_risk_index_table.date_","itemLabel":"date"}]}]},"visTypeLocked":true,"slotmapping":{"slots":[{"name":"values","dataItems":["id_406672085"]},{"name":"categories","dataItems":["id179077972"]}],"multiMeasureGroups":{}},"localFilters":[{"id":"ts_regional_risk_index_table.region","columnId":"ts_regional_risk_index_table.region","values":[{"d":"Flanders","u":"ts_regional_risk_index_table.region->[Flanders]"}],"excludedValues":[],"operator":"in","type":null,"binsLabel":"region"}],"savedPrompts":null}}},{"id":"model00000181ff5a5d01_00000000","style":{"left":"84.71275559883155%","top":"0.17310382074753156%","height":"30.21613743058537%","width":"14.485491723466406%"},"type":"widget","relatedLayouts":"","features":{"Models_internal":{"type":"live","id":"model00000181ff5a5d01_00000000","visId":"summary","name":{"translationTable":{}},"data":{"dataViews":[{"id":"model00000181ff5aa9d5_00000000","modelRef":"model00000181ff43c20e_00000001","dataItems":[{"id":"id_1263830945","itemId":"ts_regional_risk_index_table.risk_index","itemLabel":"risk_index","format":{"formatSpec":{"type":"number","timezone":"America/New_York","locale":"en","maximumFractionDigits":0,"minimumFractionDigits":0,"useGrouping":false}},"aggregate":"avg"}]}]},"visTypeLocked":true,"slotmapping":{"slots":[{"name":"actual","dataItems":["id_1263830945"]}],"multiMeasureGroups":{}},"localFilters":[{"id":"ts_regional_risk_index_table.region","columnId":"ts_regional_risk_index_table.region","values":[{"d":"Flanders","u":"ts_regional_risk_index_table.region->[Flanders]"}],"excludedValues":[],"operator":"in","type":null,"binsLabel":"region"}],"savedPrompts":null}}},{"id":"model00000181ff5e00ed_00000000","style":{"left":"24.9269717624148%","top":"30.29316863081802%","height":"34.94135242553074%","width":"22.56728334956183%"},"type":"widget","relatedLayouts":"","features":{"Models_internal":{"type":"live","id":"model00000181ff5e00ed_00000000","visId":"summary","titleHtml":{"translationTable":{"Default":"<div class=\"widgetTitle smallTitle\" title=\"Click to edit title\" aria-labelledby=\"model00000181ff557995_00000000Title\" walkme-data-id=\"widgetTitle\"><div class=\"textArea hidden\"><div class=\"summernote\" style=\"display: none;\"></div><div class=\"note-editor\"><div class=\"note-dropzone\">  <div class=\"note-dropzone-message\"></div></div><div class=\"note-editing-area\"><div class=\"note-handle\"><div class=\"note-control-selection\"><div class=\"note-control-selection-bg\"></div><div class=\"note-control-holder note-control-nw\"></div><div class=\"note-control-holder note-control-ne\"></div><div class=\"note-control-holder note-control-sw\"></div><div class=\"note-control-sizing note-control-se\"></div><div class=\"note-control-selection-info\"></div></div></div><div class=\"note-editable\" contenteditable=\"true\" id=\"model00000181ff557995_00000000Title\"><span class=\"textFitted responsiveColor responsiveFontSize responsiveFontFamily\"><p><span>Click to edit title</span></p></span></div></div></div></div></div>"}},"titleMode":"noTitle","name":{"translationTable":{"Default":"Click to edit title"}},"data":{"dataViews":[{"id":"model00000181ff56565c_00000000","modelRef":"model00000181ff43c20e_00000001","dataItems":[{"id":"id_406672085","itemId":"ts_regional_risk_index_table.total_cases","itemLabel":"total_cases"}]}]},"visTypeLocked":true,"slotmapping":{"slots":[{"name":"actual","dataItems":["id_406672085"]}],"multiMeasureGroups":{}},"properties":[{"id":"elementColor","value":"transparent"},{"id":"baseValueLabel","value":{"translationTable":{"Default":"Brussels Total Cases"}}}],"localFilters":[{"id":"ts_regional_risk_index_table.region","columnId":"ts_regional_risk_index_table.region","values":[{"d":"Brussels","u":"ts_regional_risk_index_table.region->[Brussels]"}],"excludedValues":[],"operator":"in","type":null,"binsLabel":"region"}],"savedPrompts":null}}},{"id":"model00000181ff5e00f0_00000000","style":{"left":"0%","top":"30.46627245156555%","height":"34.47206796748418%","width":"25.074586173320352%"},"type":"widget","relatedLayouts":"","features":{"Models_internal":{"type":"live","id":"model00000181ff5e00f0_00000000","visId":"com.ibm.vis.rave2bundletiledmap","titleHtml":{"translationTable":{"Default":"<div class=\"widgetTitle titleShown mediumTitle\" title=\"Brussels\" aria-labelledby=\"model00000181ff4e6f54_00000000Title\" walkme-data-id=\"widgetTitle\"><div class=\"textArea\"><div class=\"summernote\" style=\"display: none;\"></div><div class=\"note-editor\"><div class=\"note-dropzone\">  <div class=\"note-dropzone-message\"></div></div><div class=\"note-editing-area\"><div class=\"note-handle\"><div class=\"note-control-selection\" style=\"display: none;\"><div class=\"note-control-selection-bg\"></div><div class=\"note-control-holder note-control-nw\"></div><div class=\"note-control-holder note-control-ne\"></div><div class=\"note-control-holder note-control-sw\"></div><div class=\"note-control-sizing note-control-se\"></div><div class=\"note-control-selection-info\"></div></div></div><div class=\"note-editable\" contenteditable=\"false\" id=\"model00000181ff5e00f0_00000000Title\"><span class=\"textFitted responsiveColor responsiveFontSize responsiveFontFamily\"><p><span>Brussels</span></p></span></div></div></div></div></div>"}},"titleMode":"customTitle","name":{"translationTable":{"Default":"Brussels"}},"data":{"dataViews":[{"id":"model00000181ff51fcce_00000000","modelRef":"model00000181ff43c20e_00000001","dataItems":[{"id":"id1660569201","itemId":"ts_regional_risk_index_table.region","itemLabel":"region"}]}]},"visTypeLocked":true,"slotmapping":{"slots":[{"name":"locations","dataItems":["id1660569201"]}],"multiMeasureGroups":{}},"properties":[{"id":"map.style.2","value":"streets"},{"id":"autoZoom","value":false},{"id":"enableLayerControl","value":false},{"id":"enableFeatureSearchControl","value":false},{"id":"interactivityState","value":{"svc":1,"sub":[{"i":0,"s":{"version":1,"boundingBox":[[-8.334429885613332,45.936319004417925],[13.608774367466879,54.6768878475994]],"pitch":0,"bearing":0}}],"ltc":null,"lts":null,"ltid":"GridLayouter"}},{"id":"maintainAxisScales","value":true}],"localFilters":[{"id":"ts_regional_risk_index_table.region","columnId":"ts_regional_risk_index_table.region","values":[{"d":"Brussels","u":"ts_regional_risk_index_table.region->[Brussels]"}],"excludedValues":[],"operator":"in","type":null,"binsLabel":"region"}],"savedPrompts":null}}},{"id":"model00000181ff5e00f2_00000000","style":{"left":"47.41966893865628%","top":"29.946960989322957%","height":"35.13609422387171%","width":"37.3904576436222%"},"type":"widget","relatedLayouts":"","features":{"Models_internal":{"type":"live","id":"model00000181ff5e00f2_00000000","visId":"com.ibm.vis.rave2line","name":{"translationTable":{}},"data":{"dataViews":[{"id":"model00000181ff582fbf_00000000","modelRef":"model00000181ff43c20e_00000001","dataItems":[{"id":"id_406672085","itemId":"ts_regional_risk_index_table.total_cases","itemLabel":"total_cases"},{"id":"id179077972","itemId":"ts_regional_risk_index_table.date_","itemLabel":"date"}]}]},"visTypeLocked":true,"slotmapping":{"slots":[{"name":"values","dataItems":["id_406672085"]},{"name":"categories","dataItems":["id179077972"]}],"multiMeasureGroups":{}},"localFilters":[{"id":"ts_regional_risk_index_table.region","columnId":"ts_regional_risk_index_table.region","values":[{"d":"Brussels","u":"ts_regional_risk_index_table.region->[Brussels]"}],"excludedValues":[],"operator":"in","type":null,"binsLabel":"region"}],"savedPrompts":null}}},{"id":"model00000181ff5e00f4_00000000","style":{"left":"84.81012658227849%","top":"30.29316863081802%","height":"34.71683677002119%","width":"14.485491723466406%"},"type":"widget","relatedLayouts":"","features":{"Models_internal":{"type":"live","id":"model00000181ff5e00f4_00000000","visId":"summary","name":{"translationTable":{}},"data":{"dataViews":[{"id":"model00000181ff5aa9d5_00000000","modelRef":"model00000181ff43c20e_00000001","dataItems":[{"id":"id_1263830945","itemId":"ts_regional_risk_index_table.risk_index","itemLabel":"risk_index","format":{"formatSpec":{"type":"number","timezone":"America/New_York","locale":"en","maximumFractionDigits":0,"minimumFractionDigits":0,"useGrouping":false}},"aggregate":"avg"}]}]},"visTypeLocked":true,"slotmapping":{"slots":[{"name":"actual","dataItems":["id_1263830945"]}],"multiMeasureGroups":{}},"localFilters":[{"id":"ts_regional_risk_index_table.region","columnId":"ts_regional_risk_index_table.region","values":[{"d":"Brussels","u":"ts_regional_risk_index_table.region->[Brussels]"}],"excludedValues":[],"operator":"in","type":null,"binsLabel":"region"}],"savedPrompts":null}}},{"id":"model00000181ff60c163_00000000","style":{"left":"24.9269717624148%","top":"64.91393278032433%","height":"34.94135242553074%","width":"22.56728334956183%"},"type":"widget","relatedLayouts":"","features":{"Models_internal":{"type":"live","id":"model00000181ff60c163_00000000","visId":"summary","titleHtml":{"translationTable":{"Default":"<div class=\"widgetTitle smallTitle\" title=\"Click to edit title\" aria-labelledby=\"model00000181ff557995_00000000Title\" walkme-data-id=\"widgetTitle\"><div class=\"textArea hidden\"><div class=\"summernote\" style=\"display: none;\"></div><div class=\"note-editor\"><div class=\"note-dropzone\">  <div class=\"note-dropzone-message\"></div></div><div class=\"note-editing-area\"><div class=\"note-handle\"><div class=\"note-control-selection\"><div class=\"note-control-selection-bg\"></div><div class=\"note-control-holder note-control-nw\"></div><div class=\"note-control-holder note-control-ne\"></div><div class=\"note-control-holder note-control-sw\"></div><div class=\"note-control-sizing note-control-se\"></div><div class=\"note-control-selection-info\"></div></div></div><div class=\"note-editable\" contenteditable=\"true\" id=\"model00000181ff557995_00000000Title\"><span class=\"textFitted responsiveColor responsiveFontSize responsiveFontFamily\"><p><span>Click to edit title</span></p></span></div></div></div></div></div>"}},"titleMode":"noTitle","name":{"translationTable":{"Default":"Click to edit title"}},"data":{"dataViews":[{"id":"model00000181ff56565c_00000000","modelRef":"model00000181ff43c20e_00000001","dataItems":[{"id":"id_406672085","itemId":"ts_regional_risk_index_table.total_cases","itemLabel":"total_cases"}]}]},"visTypeLocked":true,"slotmapping":{"slots":[{"name":"actual","dataItems":["id_406672085"]}],"multiMeasureGroups":{}},"properties":[{"id":"elementColor","value":"transparent"},{"id":"baseValueLabel","value":{"translationTable":{"Default":"Wallonia Total Cases"}}}],"localFilters":[{"id":"ts_regional_risk_index_table.region","columnId":"ts_regional_risk_index_table.region","values":[{"d":"Wallonia","u":"ts_regional_risk_index_table.region->[Wallonia]"}],"excludedValues":[],"operator":"in","type":null,"binsLabel":"region"}],"savedPrompts":null}}},{"id":"model00000181ff60c167_00000000","style":{"left":"0%","top":"65.08703660107186%","height":"34.47206796748418%","width":"25.074586173320352%"},"type":"widget","relatedLayouts":"","features":{"Models_internal":{"type":"live","id":"model00000181ff60c167_00000000","visId":"com.ibm.vis.rave2bundletiledmap","titleHtml":{"translationTable":{"Default":"<div class=\"widgetTitle titleShown mediumTitle\" title=\"Wallonia\" aria-labelledby=\"model00000181ff4e6f54_00000000Title\" walkme-data-id=\"widgetTitle\"><div class=\"textArea\"><div class=\"summernote\" style=\"display: none;\"></div><div class=\"note-editor\"><div class=\"note-dropzone\">  <div class=\"note-dropzone-message\"></div></div><div class=\"note-editing-area\"><div class=\"note-handle\"><div class=\"note-control-selection\" style=\"display: none;\"><div class=\"note-control-selection-bg\"></div><div class=\"note-control-holder note-control-nw\"></div><div class=\"note-control-holder note-control-ne\"></div><div class=\"note-control-holder note-control-sw\"></div><div class=\"note-control-sizing note-control-se\"></div><div class=\"note-control-selection-info\"></div></div></div><div class=\"note-editable\" contenteditable=\"true\" id=\"model00000181ff60c167_00000000Title\"><span class=\"textFitted responsiveColor responsiveFontSize responsiveFontFamily\"><p><span>Wallonia</span></p></span></div></div></div></div></div>"}},"titleMode":"customTitle","name":{"translationTable":{"Default":"Wallonia"}},"data":{"dataViews":[{"id":"model00000181ff51fcce_00000000","modelRef":"model00000181ff43c20e_00000001","dataItems":[{"id":"id1660569201","itemId":"ts_regional_risk_index_table.region","itemLabel":"region"}]}]},"visTypeLocked":true,"slotmapping":{"slots":[{"name":"locations","dataItems":["id1660569201"]}],"multiMeasureGroups":{}},"properties":[{"id":"map.style.2","value":"streets"},{"id":"autoZoom","value":false},{"id":"enableLayerControl","value":false},{"id":"enableFeatureSearchControl","value":false},{"id":"interactivityState","value":{"svc":1,"sub":[{"i":0,"s":{"version":1,"boundingBox":[[-9.123753779608194,45.59158910767141],[14.398098261463133,54.961598549160584]],"pitch":0,"bearing":0}}],"ltc":null,"lts":null,"ltid":"GridLayouter"}},{"id":"maintainAxisScales","value":true}],"localFilters":[{"id":"ts_regional_risk_index_table.region","columnId":"ts_regional_risk_index_table.region","values":[{"d":"Wallonia","u":"ts_regional_risk_index_table.region->[Wallonia]"}],"excludedValues":[],"operator":"in","type":null,"binsLabel":"region"}],"savedPrompts":null}}},{"id":"model00000181ff60c169_00000000","style":{"left":"47.41966893865628%","top":"64.56772513882926%","height":"35.13609422387171%","width":"37.3904576436222%"},"type":"widget","relatedLayouts":"","features":{"Models_internal":{"type":"live","id":"model00000181ff60c169_00000000","visId":"com.ibm.vis.rave2line","name":{"translationTable":{}},"data":{"dataViews":[{"id":"model00000181ff582fbf_00000000","modelRef":"model00000181ff43c20e_00000001","dataItems":[{"id":"id_406672085","itemId":"ts_regional_risk_index_table.total_cases","itemLabel":"total_cases"},{"id":"id179077972","itemId":"ts_regional_risk_index_table.date_","itemLabel":"date"}]}]},"visTypeLocked":true,"slotmapping":{"slots":[{"name":"values","dataItems":["id_406672085"]},{"name":"categories","dataItems":["id179077972"]}],"multiMeasureGroups":{}},"localFilters":[{"id":"ts_regional_risk_index_table.region","columnId":"ts_regional_risk_index_table.region","values":[{"d":"Wallonia","u":"ts_regional_risk_index_table.region->[Wallonia]"}],"excludedValues":[],"operator":"in","type":null,"binsLabel":"region"}],"savedPrompts":null}}},{"id":"model00000181ff60c16b_00000000","style":{"left":"84.81012658227849%","top":"65.77945188406198%","height":"34.71683677002119%","width":"14.485491723466406%"},"type":"widget","relatedLayouts":"","features":{"Models_internal":{"type":"live","id":"model00000181ff60c16b_00000000","visId":"summary","name":{"translationTable":{}},"data":{"dataViews":[{"id":"model00000181ff5aa9d5_00000000","modelRef":"model00000181ff43c20e_00000001","dataItems":[{"id":"id_1263830945","itemId":"ts_regional_risk_index_table.risk_index","itemLabel":"risk_index","format":{"formatSpec":{"type":"number","timezone":"America/New_York","locale":"en","maximumFractionDigits":0,"minimumFractionDigits":0,"useGrouping":false}},"aggregate":"avg"}]}]},"visTypeLocked":true,"slotmapping":{"slots":[{"name":"actual","dataItems":["id_1263830945"]}],"multiMeasureGroups":{}},"localFilters":[{"id":"ts_regional_risk_index_table.region","columnId":"ts_regional_risk_index_table.region","values":[{"d":"Wallonia","u":"ts_regional_risk_index_table.region->[Wallonia]"}],"excludedValues":[],"operator":"in","type":null,"binsLabel":"region"}],"savedPrompts":null}}}]}]},{"id":"model00000181ff627212_00000000","type":"container","title":{"translationTable":{"Default":"Flanders Prediction"}},"templateName":"Template14","items":[{"id":"model00000181ff627212_00000002","css":"templateBox aspectRatio_default","type":"genericPage","layoutPositioning":"relative","items":[{"id":"model00000181ff627212_00000004","style":{"top":"0%","left":"0%","right":"50%","bottom":"0%"},"type":"templateDropZone","templateName":"dz1","relatedLayouts":"|model00000181ff6523f4_00000000|"},{"id":"model00000181ff627213_00000000","css":"noBorderLeft","style":{"top":"0%","left":"50%","right":"0%","bottom":"0%"},"type":"templateDropZone","templateName":"dz2","relatedLayouts":"|model00000181ff64813c_00000000|"},{"id":"model00000181ff64813c_00000000","style":{"left":"50%","top":"0%","height":"100%","width":"50%"},"type":"widget","relatedLayouts":"model00000181ff627213_00000000","features":{"Models_internal":{"type":"live","id":"model00000181ff64813c_00000000","visId":"list","titleHtml":{"translationTable":{"Default":"<div class=\"widgetTitle mediumTitle\" title=\"Flanders Next 15 Days Prediction\" aria-labelledby=\"model00000181ff64813c_00000000Title\" walkme-data-id=\"widgetTitle\"><div class=\"textArea\"><div class=\"summernote\" style=\"display: none;\"></div><div class=\"note-editor\"><div class=\"note-dropzone\">  <div class=\"note-dropzone-message\"></div></div><div class=\"note-editing-area\"><div class=\"note-handle\"><div class=\"note-control-selection\" style=\"display: none;\"><div class=\"note-control-selection-bg\"></div><div class=\"note-control-holder note-control-nw\"></div><div class=\"note-control-holder note-control-ne\"></div><div class=\"note-control-holder note-control-sw\"></div><div class=\"note-control-sizing note-control-se\"></div><div class=\"note-control-selection-info\"></div></div></div><div class=\"note-editable\" contenteditable=\"true\" id=\"model00000181ff64813c_00000000Title\"><span class=\"textFitted responsiveColor responsiveFontSize responsiveFontFamily\"><p><span>Flanders Next 15 Days Prediction</span></p></span></div></div></div></div></div>"}},"titleMode":"customTitle","name":{"translationTable":{"Default":"Flanders Next 15 Days Prediction"}},"data":{"dataViews":[{"id":"model00000181ff649c61_00000000","modelRef":"model00000181ff468b22_00000002","dataItems":[{"id":"id_1434832519","itemId":"flanders_cases_prediction_table.cases","itemLabel":"cases"}]}]},"visTypeLocked":true,"slotmapping":{"slots":[{"name":"level1","dataItems":["id_1434832519"]}],"multiMeasureGroups":{}},"savedPrompts":null}}},{"id":"model00000181ff6523f4_00000000","style":{"left":"0%","top":"0%","height":"100%","width":"50%"},"type":"widget","relatedLayouts":"model00000181ff627212_00000004","features":{"Models_internal":{"type":"live","id":"model00000181ff6523f4_00000000","visId":"com.ibm.vis.rave2line","titleHtml":{"translationTable":{"Default":"<div class=\"widgetTitle mediumTitle\" title=\"Flanders Covid-19 Cases Trend in March 2021\" aria-labelledby=\"model00000181ff6523f4_00000000Title\" walkme-data-id=\"widgetTitle\"><div class=\"textArea\"><div class=\"summernote\" style=\"display: none;\"></div><div class=\"note-editor\"><div class=\"note-dropzone\">  <div class=\"note-dropzone-message\"></div></div><div class=\"note-editing-area\"><div class=\"note-handle\"><div class=\"note-control-selection\" style=\"display: none;\"><div class=\"note-control-selection-bg\"></div><div class=\"note-control-holder note-control-nw\"></div><div class=\"note-control-holder note-control-ne\"></div><div class=\"note-control-holder note-control-sw\"></div><div class=\"note-control-sizing note-control-se\"></div><div class=\"note-control-selection-info\"></div></div></div><div class=\"note-editable\" contenteditable=\"true\" id=\"model00000181ff6523f4_00000000Title\"><span class=\"textFitted responsiveColor responsiveFontSize responsiveFontFamily\"><p><span>Flanders Covid-19 Cases Trend in March 2021</span></p></span></div></div></div></div></div>"}},"titleMode":"customTitle","name":{"translationTable":{"Default":"Flanders Covid-19 Cases Trend in March 2021"}},"data":{"dataViews":[{"id":"model00000181ff65804b_00000000","modelRef":"model00000181ff43c20e_00000001","dataItems":[{"id":"id179077972","itemId":"ts_regional_risk_index_table.date_","itemLabel":"date"},{"id":"id_406672085","itemId":"ts_regional_risk_index_table.total_cases","itemLabel":"total_cases"}]}]},"visTypeLocked":true,"slotmapping":{"slots":[{"name":"categories","dataItems":["id179077972"]},{"name":"values","dataItems":["id_406672085"]}],"multiMeasureGroups":{}},"localFilters":[{"id":"ts_regional_risk_index_table.region","columnId":"ts_regional_risk_index_table.region","values":[{"d":"Flanders","u":"ts_regional_risk_index_table.region->[Flanders]"}],"excludedValues":[],"operator":"in","type":null,"binsLabel":"region"},{"id":"ts_regional_risk_index_table.date_","columnId":"ts_regional_risk_index_table.date_","values":[{"d":"2021-03-01","u":"2021-03-01"},{"d":"2022-03-25","u":"2022-03-25"}],"excludedValues":[],"operator":"between","preOrPost":"pre"}],"savedPrompts":null}}}]}]}]}}