{
  "project_name" : "Data_Fabric_Project",
  "created_by" : "admin",
  "created_at" : "2022-10-17T11:33:36.503264Z",
  "environment" : "cp4d",
  "services_info" : [ {
    "name" : "ds-canvas",
    "version" : "450.0.17"
  }, {
    "name" : "ds-flows",
    "version" : "450.0.2"
  }, {
    "name" : "ds-codegen",
    "version" : "450.0.13"
  }, {
    "name" : "ds-flow-runtime",
    "version" : "450.0.5"
  }, {
    "name" : "qs-ruleset",
    "version" : "450.0.2"
  }, {
    "name" : "ds-migration",
    "version" : "450.0.8"
  }, {
    "name" : "DSAssets",
    "version" : "450.0.2"
  }, {
    "name" : "ds-cas-lite",
    "version" : "450.0.3"
  } ],
  "assets" : [ {
    "name" : "Datastage_Integration_Pipeline",
    "type" : "data_intg_flow"
  } ]
}