{"metadata":{"asset_id":"95943865-f6d4-472c-9155-3fc6966007fd","asset_attributes":["data_asset"],"name":"RI-data-ML.csv","asset_type":"data_asset","created_at":"2022-07-26T03:48:24Z","description":"","origin_country":"us","owner_id":"1000330999","project_id":"c648735b-6901-401b-9076-6f4d656bf249","size":36734,"tags":[],"usage":{"last_update_time":1658807305013,"last_updated_at":"2022-07-26T03:48:25Z"}},"entity":{"data_asset":{"mime_type":"text/csv","dataset":false}},"attachments":[{"id":"14092bee-e331-41cb-9d7d-033506614ca8","version":2,"asset_type":"data_asset","name":"RI-data-ML.csv","mime":"text/csv","datasource_type":"81bafdbd-b7c6-45c5-a4fd-6ec135f66f4e","object_key":"data_asset/RI-data-ML.csv","creator_id":"1000330999","create_time":1658807305012,"size":36734,"is_remote":false,"is_managed":false,"is_referenced":true,"is_object_key_read_only":true,"is_user_provided_path_key":true,"transfer_complete":true,"is_partitioned":false,"complete_time_ticks":1658807305012,"user_data":{},"test_doc":0,"handle":{"key":"data_asset/RI-data-ML.csv","upload_id":"done","max_part_num":1},"usage":{"access_count":0,"last_accessor_id":"1000330999","last_access_time":1658807305012}}]}