{"metadata":{"asset_id":"cfde597f-3da6-48c5-a0b7-3643b76983aa","asset_attributes":["notebook"],"name":"Region-All-Decision-Tree","asset_type":"notebook","created_at":"2022-07-21T08:34:24Z","description":"","origin_country":"us","owner_id":"1000330999","project_id":"c648735b-6901-401b-9076-6f4d656bf249","size":191024,"tags":["notebook"],"usage":{"last_update_time":1658397827574,"last_updated_at":"2022-07-21T10:03:47Z"}},"entity":{"notebook":{"kernel":{"name":"python3","display_name":"Python 3.8","language":"python"},"originates_from":{"type":"blank"},"runtime":{"environment":"bf5b731e-079b-4b3b-a8ca-3ad7bcb3a931"}}},"attachments":[{"id":"3ed516fd-3249-4d93-96f4-81476d108e7d","version":2,"asset_type":"notebook","name":"attachment for notebook cfde597f-3da6-48c5-a0b7-3643b76983aa","description":"attachment for notebook cfde597f-3da6-48c5-a0b7-3643b76983aa","mime":"application/json","datasource_type":"81bafdbd-b7c6-45c5-a4fd-6ec135f66f4e","object_key":"notebook/Region-All-Decision-Tree_5zX85roR9.ipynb","creator_id":"1000330999","create_time":1658392465045,"size":191024,"is_remote":false,"is_managed":false,"is_referenced":true,"is_object_key_read_only":false,"is_user_provided_path_key":true,"transfer_complete":true,"is_partitioned":false,"complete_time_ticks":1658392465045,"user_data":{},"test_doc":0,"handle":{"key":"notebook/Region-All-Decision-Tree_5zX85roR9.ipynb","upload_id":"done","max_part_num":1},"usage":{"access_count":0,"last_accessor_id":"1000330999","last_access_time":1658392465045}}]}