{"metadata":{"asset_id":"7a9f9402-8af1-4721-8e7e-0ce701f9127f","asset_attributes":["notebook"],"name":"Region-Brussels-LSTM","asset_type":"notebook","created_at":"2022-07-21T08:17:24Z","description":"","origin_country":"us","owner_id":"1000330999","project_id":"c648735b-6901-401b-9076-6f4d656bf249","size":188295,"tags":["notebook"],"usage":{"last_update_time":1658807342748,"last_updated_at":"2022-07-26T03:49:02Z"}},"entity":{"notebook":{"kernel":{"name":"python3","display_name":"Python 3.8","language":"python"},"originates_from":{"type":"blank"},"runtime":{"environment":"bf5b731e-079b-4b3b-a8ca-3ad7bcb3a931"}}},"attachments":[{"id":"3fe0cf66-eb44-453d-9522-28857df65dff","version":2,"asset_type":"notebook","name":"attachment for notebook 7a9f9402-8af1-4721-8e7e-0ce701f9127f","description":"attachment for notebook 7a9f9402-8af1-4721-8e7e-0ce701f9127f","mime":"application/json","datasource_type":"81bafdbd-b7c6-45c5-a4fd-6ec135f66f4e","object_key":"notebook/Region-Brussels-LSTM_2Zs0gtRlK.ipynb","creator_id":"1000330999","create_time":1658391444452,"size":188295,"is_remote":false,"is_managed":false,"is_referenced":true,"is_object_key_read_only":false,"is_user_provided_path_key":true,"transfer_complete":true,"is_partitioned":false,"complete_time_ticks":1658391444452,"user_data":{},"test_doc":0,"handle":{"key":"notebook/Region-Brussels-LSTM_2Zs0gtRlK.ipynb","upload_id":"done","max_part_num":1},"usage":{"access_count":0,"last_accessor_id":"1000330999","last_access_time":1658391444452}}]}