{"metadata":{"asset_id":"bc938e52-b154-4361-9407-86c880aea479","asset_attributes":["notebook"],"name":"Region-Brussels-LSTM","asset_type":"notebook","created_at":"2022-08-03T09:51:55Z","description":"In this lab exercise, you will learn a popular opensource machine learning algorithm, Long Short-Term Memory (LSTM). You will use this time-series algorithm to build a model from historical data of total COVID-19 cases. Then you use the trained model to predict the future COVID-19 cases.\n\n","origin_country":"us","owner_id":"1000330999","project_id":"b572d5a0-6011-4d12-a246-29c8adb0a172","size":190378,"tags":["notebook"],"usage":{"last_update_time":1660116151672,"last_updated_at":"2022-08-10T07:22:31Z"}},"entity":{"notebook":{"kernel":{"name":"python3","display_name":"Python 3.9","language":"python"},"originates_from":{"type":"blank"},"runtime":{"environment":"jupconda221-b572d5a0-6011-4d12-a246-29c8adb0a172"}}},"attachments":[{"id":"19bd7cae-2977-43e7-b346-b57ec514b4c5","version":2,"asset_type":"notebook","name":"attachment for notebook bc938e52-b154-4361-9407-86c880aea479","description":"attachment for notebook bc938e52-b154-4361-9407-86c880aea479","mime":"application/json","datasource_type":"81bafdbd-b7c6-45c5-a4fd-6ec135f66f4e","object_key":"notebook/Region-Brussels-LSTM_6XikhUq2_.ipynb","creator_id":"1000330999","create_time":1659520315804,"size":190378,"is_remote":false,"is_managed":false,"is_referenced":true,"is_object_key_read_only":false,"is_user_provided_path_key":true,"transfer_complete":true,"is_partitioned":false,"complete_time_ticks":1659520315804,"user_data":{},"test_doc":0,"handle":{"key":"notebook/Region-Brussels-LSTM_6XikhUq2_.ipynb","upload_id":"done","max_part_num":1},"usage":{"access_count":19,"last_accessor_id":"1000330999","last_access_time":1660115383565,"last_updater_id":"1000330999","last_update_time":1660115383565}}]}