{"metadata":{"asset_id":"91d816b9-6658-46af-842d-16d4c507aab6","asset_attributes":["notebook"],"name":"Region-Wallonia-LSTM","asset_type":"notebook","created_at":"2022-08-03T09:55:36Z","description":"In this lab exercise, you will learn a popular opensource machine learning algorithm, Long Short-Term Memory (LSTM). You will use this time-series algorithm to build a model from historical data of total COVID-19 cases. Then you use the trained model to predict the future COVID-19 cases.","origin_country":"us","owner_id":"1000330999","project_id":"b572d5a0-6011-4d12-a246-29c8adb0a172","size":190035,"tags":["notebook"],"usage":{"last_update_time":1660116198646,"last_updated_at":"2022-08-10T07:23:18Z"}},"entity":{"notebook":{"kernel":{"name":"python3","display_name":"Python 3.9","language":"python"},"originates_from":{"type":"blank"},"runtime":{"environment":"jupconda221-b572d5a0-6011-4d12-a246-29c8adb0a172"}}},"attachments":[{"id":"638aa5fd-3754-461e-815b-8946254a9e5b","version":2,"asset_type":"notebook","name":"attachment for notebook 91d816b9-6658-46af-842d-16d4c507aab6","description":"attachment for notebook 91d816b9-6658-46af-842d-16d4c507aab6","mime":"application/json","datasource_type":"81bafdbd-b7c6-45c5-a4fd-6ec135f66f4e","object_key":"notebook/Region-Wallonia-LSTM_HmcZ_kHEz.ipynb","creator_id":"1000330999","create_time":1659520536241,"size":190035,"is_remote":false,"is_managed":false,"is_referenced":true,"is_object_key_read_only":false,"is_user_provided_path_key":true,"transfer_complete":true,"is_partitioned":false,"complete_time_ticks":1659520536241,"user_data":{},"test_doc":0,"handle":{"key":"notebook/Region-Wallonia-LSTM_HmcZ_kHEz.ipynb","upload_id":"done","max_part_num":1},"usage":{"access_count":11,"last_accessor_id":"1000330999","last_access_time":1660115474417,"last_updater_id":"1000330999","last_update_time":1660115474417}}]}