{"metadata":{"asset_id":"b3896e12-66e2-411f-be00-d06d7cc30a42","asset_attributes":["data_asset"],"name":"RI-data-ML.csv","asset_type":"data_asset","created_at":"2022-08-12T12:22:22Z","origin_country":"us","owner_id":"1000330999","project_id":"b572d5a0-6011-4d12-a246-29c8adb0a172","size":36731,"usage":{"last_update_time":1660306942310,"last_updated_at":"2022-08-12T12:22:22Z"}},"entity":{"data_asset":{"mime_type":"text/csv","dataset":false}},"attachments":[{"id":"b27d3801-6fe1-42a3-ad11-bd9ee81b2ebc","version":2,"asset_type":"data_asset","name":"RI-data-ML.csv","mime":"text/csv","datasource_type":"81bafdbd-b7c6-45c5-a4fd-6ec135f66f4e","object_key":"data_asset/RI-data-ML.csv","creator_id":"1000330999","create_time":1660306942324,"size":36731,"is_remote":false,"is_managed":false,"is_referenced":true,"is_object_key_read_only":true,"is_user_provided_path_key":true,"transfer_complete":true,"is_partitioned":false,"complete_time_ticks":1660306942324,"user_data":{},"test_doc":0,"handle":{"key":"data_asset/RI-data-ML.csv","upload_id":"done","max_part_num":1},"usage":{"access_count":0,"last_accessor_id":"1000330999","last_access_time":1660306942324}}]}