{
  "primary_pipeline" : "1746dffc-f014-403e-8340-b21a99e09f89",
  "pipelines" : [ {
    "nodes" : [ {
      "outputs" : [ {
        "id" : "f7af4300-da19-4670-a2dd-570402ea591f",
        "app_data" : {
          "datastage" : {
            "is_source_of_link" : "cc934114-89f0-4fc7-9cdd-9206f3e0d858"
          },
          "ui_data" : {
            "label" : "outPort",
            "cardinality" : {
              "min" : 0,
              "max" : 1
            }
          }
        },
        "schema_ref" : "2f5bd277-a1a7-4792-b504-b7caea0adcd1",
        "parameters" : {
          "buf_mode" : "default"
        }
      } ],
      "op" : "RedshiftPX",
      "connection" : {
        "ref" : "484dbeb1-e6ff-4d3c-8fc9-56e272ec7546",
        "project_ref" : "cdab3a92-7e9e-4aa2-8f18-01ff43be14d2",
        "properties" : {
          "_java._heap_size" : 256,
          "before_after.after_node" : "",
          "before_after.before_node.fail_on_error" : true,
          "before_after.after_node.fail_on_error" : true,
          "before_after.before_node" : "",
          "enableSchemalessDesign" : false,
          "schema_name" : "public",
          "table_name" : "actavis_pharma_healthcare_personnel_table",
          "before_after.before" : "",
          "before_after.before.fail_on_error" : true,
          "node_number" : 0,
          "read_mode" : "general",
          "before_after.after" : "",
          "sampling_type" : "none",
          "node_count" : 1,
          "before_after.after.fail_on_error" : true
        },
        "name" : "AWS-Redshift-Connection"
      },
      "id" : "223898f6-8ccc-46a9-8d42-0ea6482e8bdb",
      "type" : "binding",
      "app_data" : {
        "ui_data" : {
          "image" : "/data-intg/flows/graphics/palette/RedshiftPX.svg",
          "x_pos" : 332.64000000000004,
          "label" : "actavis_pharma_healthcare_personnel_table_1",
          "y_pos" : 118.80000000000001
        }
      },
      "parameters" : {
        "combinability" : "auto",
        "output_count" : 1,
        "input_count" : 0,
        "execmode" : "default_par",
        "preserve" : -3
      }
    }, {
      "outputs" : [ {
        "id" : "4d819e0e-bde4-402a-9127-6f54ec392fd9",
        "app_data" : {
          "datastage" : {
            "is_source_of_link" : "c55bb273-6919-4638-aa93-4dfd8ddfdad1"
          },
          "ui_data" : {
            "label" : "outPort",
            "cardinality" : {
              "min" : 0,
              "max" : 2
            }
          }
        },
        "schema_ref" : "65efe9f5-f9ff-4f2f-98c2-066112ac1792",
        "parameters" : {
          "buf_mode" : "default"
        }
      } ],
      "op" : "AmazonS3PX",
      "connection" : {
        "ref" : "9090fe0b-37c0-495d-a2f1-dd0a4219ff5d",
        "project_ref" : "cdab3a92-7e9e-4aa2-8f18-01ff43be14d2",
        "properties" : {
          "_java._heap_size" : 256,
          "file_name" : "apotheca_healthcare_personnel_data.csv",
          "enableSchemalessDesign" : false,
          "_file_format" : "1",
          "encoding" : "UTF-8",
          "_read_mode" : "0",
          "_first_line_header" : true,
          "bucket" : "immersiondaytesting-ap-s3bucketstack-f07-s3bucket-1j7j7b81ly6hf",
          "node_number" : 0,
          "_file_format._delimited_syntax._record_def" : "0",
          "_use_datastage" : true,
          "_reject_mode" : "0",
          "node_count" : 1
        },
        "name" : "Amazon S3"
      },
      "id" : "9c0725f4-2d6f-47c9-8098-1dc9e7d8fc1b",
      "type" : "binding",
      "app_data" : {
        "ui_data" : {
          "image" : "/data-intg/flows/graphics/palette/AmazonS3PX.svg",
          "x_pos" : 332.64000000000004,
          "label" : "apotheca_healthcare_personnel_data_1",
          "y_pos" : 237.60000000000002
        }
      },
      "parameters" : {
        "combinability" : "auto",
        "output_count" : 1,
        "input_count" : 0,
        "execmode" : "default_par",
        "preserve" : -3
      }
    }, {
      "outputs" : [ {
        "id" : "d901b96d-942f-40e1-b0df-c942f73cb884",
        "app_data" : {
          "datastage" : {
            "is_source_of_link" : "2e7f6485-aae5-4707-9f3f-d30ced0f4b95"
          },
          "ui_data" : {
            "label" : "outPort",
            "cardinality" : {
              "min" : 0,
              "max" : 1
            }
          }
        },
        "schema_ref" : "18973521-4c13-4a68-8077-a9ea3f1f79da",
        "parameters" : {
          "buf_mode" : "default"
        }
      } ],
      "op" : "postgresql-amazon",
      "connection" : {
        "ref" : "69d18746-64f7-406c-8d06-403c67e77e26",
        "project_ref" : "cdab3a92-7e9e-4aa2-8f18-01ff43be14d2",
        "properties" : {
          "_java._heap_size" : 256,
          "before_after.after_node" : "",
          "before_after.before_node.fail_on_error" : true,
          "before_after.after_node.fail_on_error" : true,
          "before_after.before_node" : "",
          "enableSchemalessDesign" : false,
          "schema_name" : "public",
          "table_name" : "mylan_specialty_personnel_data_table",
          "before_after.before" : "",
          "before_after.before.fail_on_error" : true,
          "node_number" : 0,
          "read_mode" : "general",
          "before_after.after" : "",
          "sampling_type" : "none",
          "node_count" : 1,
          "before_after.after.fail_on_error" : true
        },
        "name" : "AWS-PostgreSQL-Connection"
      },
      "id" : "3c61ef41-528c-4fd9-9e2f-c5b46b2d9f61",
      "type" : "binding",
      "app_data" : {
        "ui_data" : {
          "image" : "/data-intg/flows/graphics/palette/postgresql-amazon.svg",
          "x_pos" : 332.64000000000004,
          "label" : "mylan_specialty_personnel_data_table_1",
          "y_pos" : 356.40000000000003
        }
      },
      "parameters" : {
        "combinability" : "auto",
        "output_count" : 1,
        "input_count" : 0,
        "execmode" : "default_par",
        "preserve" : -3
      }
    }, {
      "outputs" : [ {
        "id" : "ca38d3bb-31b9-47ef-a068-3782a41b31fe",
        "app_data" : {
          "datastage" : {
            "is_source_of_link" : "245b5a54-7d58-4bcd-9050-cb3a8b55a4d8"
          },
          "ui_data" : {
            "label" : "outPort",
            "cardinality" : {
              "min" : 1,
              "max" : 1
            }
          }
        },
        "schema_ref" : "499576a6-3689-433a-897f-1a51a83c9c1c",
        "parameters" : {
          "outputName" : "Link_5",
          "valueDerivation" : [ {
            "parsedExpression" : "id",
            "columnName" : "id",
            "sourceColumn" : "Link_1.id;Link_2.id;Link_4.id"
          }, {
            "parsedExpression" : "first_name",
            "columnName" : "first_name",
            "sourceColumn" : "Link_1.first_name;Link_2.first_name;Link_4.first_name"
          }, {
            "parsedExpression" : "last_name",
            "columnName" : "last_name",
            "sourceColumn" : "Link_1.last_name;Link_2.last_name;Link_4.last_name"
          }, {
            "parsedExpression" : "place",
            "columnName" : "place",
            "sourceColumn" : "Link_1.place;Link_2.place;Link_4.place"
          }, {
            "parsedExpression" : "email",
            "columnName" : "email",
            "sourceColumn" : "Link_1.email;Link_2.email;Link_4.email"
          }, {
            "parsedExpression" : "gender",
            "columnName" : "gender",
            "sourceColumn" : "Link_1.gender;Link_2.gender;Link_4.gender"
          }, {
            "parsedExpression" : "age",
            "columnName" : "age",
            "sourceColumn" : "Link_1.age;Link_2.age;Link_4.age"
          }, {
            "parsedExpression" : "organization",
            "columnName" : "organization",
            "sourceColumn" : "Link_1.organization;Link_2.organization;Link_4.organization"
          } ]
        }
      } ],
      "op" : "PxFunnel",
      "inputs" : [ {
        "links" : [ {
          "node_id_ref" : "223898f6-8ccc-46a9-8d42-0ea6482e8bdb",
          "type_attr" : "PRIMARY",
          "id" : "cc934114-89f0-4fc7-9cdd-9206f3e0d858",
          "app_data" : {
            "datastage" : { },
            "ui_data" : {
              "decorations" : [ {
                "image" : "/data-intg/flows/graphics/flows/link-output-handle--default-selected.svg",
                "temporary" : false,
                "outline" : false,
                "distance" : 0,
                "x_pos" : -10,
                "id" : "dec-3",
                "position" : "source",
                "y_pos" : -10,
                "class_name" : "linkStartImage"
              }, {
                "path" : "M -15 -15 L -15 15 15 15 15 -15 Z",
                "temporary" : false,
                "distance" : -50,
                "tooltip" : "Auto-partition",
                "x_pos" : 5,
                "id" : "dec-4",
                "position" : "target"
              }, {
                "image" : "/data-intg/flows/graphics/flows/link-marking--auto-partitioning.svg",
                "temporary" : false,
                "outline" : false,
                "distance" : -50,
                "width" : 12,
                "tooltip" : "Auto-partition",
                "x_pos" : -2,
                "id" : "dec-5",
                "position" : "target",
                "y_pos" : -6,
                "height" : 12
              }, {
                "path" : "M -25 -20 L -25 20 25 20 25 -20 Z",
                "temporary" : false,
                "id" : "dec-7",
                "position" : "middle",
                "class_name" : "linkMiddleImage"
              }, {
                "temporary" : false,
                "width" : 100,
                "x_pos" : -20,
                "id" : "dec-8",
                "position" : "middle",
                "label" : "Link_1\n3.4k rows\n101 rows/sec",
                "y_pos" : 2,
                "height" : 80
              } ],
              "class_name" : "linkStyle__runMetricsLinkFinishedStyle___QBKP8"
            }
          },
          "link_name" : "Link_1",
          "port_id_ref" : "f7af4300-da19-4670-a2dd-570402ea591f"
        } ],
        "id" : "19ad84a4-1657-481f-8a77-c8c81509b4b9",
        "app_data" : {
          "ui_data" : {
            "label" : "inPort",
            "cardinality" : {
              "min" : 2,
              "max" : 2147483645
            }
          }
        },
        "schema_ref" : "2f5bd277-a1a7-4792-b504-b7caea0adcd1",
        "parameters" : {
          "runtime_column_propagation" : 0
        }
      }, {
        "links" : [ {
          "node_id_ref" : "9c0725f4-2d6f-47c9-8098-1dc9e7d8fc1b",
          "type_attr" : "PRIMARY",
          "id" : "c55bb273-6919-4638-aa93-4dfd8ddfdad1",
          "app_data" : {
            "datastage" : { },
            "ui_data" : {
              "decorations" : [ {
                "image" : "/data-intg/flows/graphics/flows/link-output-handle--default-selected.svg",
                "temporary" : false,
                "outline" : false,
                "distance" : 0,
                "x_pos" : -10,
                "id" : "dec-3",
                "position" : "source",
                "y_pos" : -10,
                "class_name" : "linkStartImage"
              }, {
                "path" : "M -15 -15 L -15 15 15 15 15 -15 Z",
                "temporary" : false,
                "distance" : -50,
                "tooltip" : "Auto-partition",
                "x_pos" : 5,
                "id" : "dec-4",
                "position" : "target"
              }, {
                "image" : "/data-intg/flows/graphics/flows/link-marking--auto-partitioning.svg",
                "temporary" : false,
                "outline" : false,
                "distance" : -50,
                "width" : 12,
                "tooltip" : "Auto-partition",
                "x_pos" : -2,
                "id" : "dec-5",
                "position" : "target",
                "y_pos" : -6,
                "height" : 12
              }, {
                "path" : "M -25 -20 L -25 20 25 20 25 -20 Z",
                "temporary" : false,
                "id" : "dec-7",
                "position" : "middle",
                "class_name" : "linkMiddleImage"
              }, {
                "temporary" : false,
                "width" : 100,
                "x_pos" : -20,
                "id" : "dec-8",
                "position" : "middle",
                "label" : "Link_2\n333 rows\n22 rows/sec",
                "y_pos" : 2,
                "height" : 80
              } ],
              "class_name" : "linkStyle__runMetricsLinkFinishedStyle___QBKP8"
            }
          },
          "link_name" : "Link_2",
          "port_id_ref" : "4d819e0e-bde4-402a-9127-6f54ec392fd9"
        } ],
        "id" : "abf36ddb-3a64-42c8-aaf4-62d6fca9b123",
        "app_data" : {
          "ui_data" : {
            "label" : "inPort",
            "cardinality" : {
              "min" : 2,
              "max" : 2147483646
            }
          }
        },
        "schema_ref" : "65efe9f5-f9ff-4f2f-98c2-066112ac1792",
        "parameters" : {
          "runtime_column_propagation" : 0
        }
      }, {
        "links" : [ {
          "node_id_ref" : "3c61ef41-528c-4fd9-9e2f-c5b46b2d9f61",
          "type_attr" : "PRIMARY",
          "id" : "2e7f6485-aae5-4707-9f3f-d30ced0f4b95",
          "app_data" : {
            "datastage" : { },
            "ui_data" : {
              "decorations" : [ {
                "image" : "/data-intg/flows/graphics/flows/link-output-handle--default-selected.svg",
                "temporary" : false,
                "outline" : false,
                "distance" : 0,
                "x_pos" : -10,
                "id" : "dec-3",
                "position" : "source",
                "y_pos" : -10,
                "class_name" : "linkStartImage"
              }, {
                "path" : "M -15 -15 L -15 15 15 15 15 -15 Z",
                "temporary" : false,
                "distance" : -50,
                "tooltip" : "Auto-partition",
                "x_pos" : 5,
                "id" : "dec-4",
                "position" : "target"
              }, {
                "image" : "/data-intg/flows/graphics/flows/link-marking--auto-partitioning.svg",
                "temporary" : false,
                "outline" : false,
                "distance" : -50,
                "width" : 12,
                "tooltip" : "Auto-partition",
                "x_pos" : -2,
                "id" : "dec-5",
                "position" : "target",
                "y_pos" : -6,
                "height" : 12
              }, {
                "path" : "M -25 -20 L -25 20 25 20 25 -20 Z",
                "temporary" : false,
                "id" : "dec-7",
                "position" : "middle",
                "class_name" : "linkMiddleImage"
              }, {
                "temporary" : false,
                "width" : 100,
                "x_pos" : -20,
                "id" : "dec-8",
                "position" : "middle",
                "label" : "Link_4\n332 rows\n10 rows/sec",
                "y_pos" : 2,
                "height" : 80
              } ],
              "class_name" : "linkStyle__runMetricsLinkFinishedStyle___QBKP8"
            }
          },
          "link_name" : "Link_4",
          "port_id_ref" : "d901b96d-942f-40e1-b0df-c942f73cb884"
        } ],
        "id" : "9087798c-2152-4191-8974-c0ffa63ca311",
        "app_data" : {
          "ui_data" : {
            "label" : "inPort",
            "cardinality" : {
              "min" : 2,
              "max" : 2147483645
            }
          }
        },
        "schema_ref" : "18973521-4c13-4a68-8077-a9ea3f1f79da",
        "parameters" : {
          "runtime_column_propagation" : 0
        }
      } ],
      "id" : "660d2032-1022-44c0-ada5-6be03407f4e7",
      "type" : "execution_node",
      "app_data" : {
        "datastage" : {
          "inputs_order" : "19ad84a4-1657-481f-8a77-c8c81509b4b9|abf36ddb-3a64-42c8-aaf4-62d6fca9b123|9087798c-2152-4191-8974-c0ffa63ca311",
          "outputs_order" : "ca38d3bb-31b9-47ef-a068-3782a41b31fe"
        },
        "ui_data" : {
          "image" : "/data-intg/flows/graphics/palette/PxFunnel.svg",
          "x_pos" : 594,
          "label" : "Funnel_1",
          "y_pos" : 237.60000000000002
        }
      },
      "parameters" : {
        "combinability" : "auto",
        "OutputlinkOrderingList" : [ ],
        "InputlinkOrderingList" : [ {
          "link_label" : "0",
          "link_name" : "Link_1"
        }, {
          "link_label" : "1",
          "link_name" : "Link_2"
        }, {
          "link_label" : "2",
          "link_name" : "Link_4"
        } ],
        "output_count" : 1,
        "execmode" : "default_par",
        "input_count" : 3,
        "part_type" : "auto",
        "operator" : "funnel"
      }
    }, {
      "outputs" : [ {
        "id" : "70bb793d-4435-4ce3-9e17-8163ff397746",
        "app_data" : {
          "datastage" : {
            "is_source_of_link" : "0c2000dc-432c-46db-9586-b3e27e29602b"
          },
          "ui_data" : {
            "label" : "outPort",
            "cardinality" : {
              "min" : 1,
              "max" : 1
            }
          }
        },
        "schema_ref" : "1080cd91-0944-4f3e-a978-7ff0ed358683"
      } ],
      "op" : "PxRemDup",
      "inputs" : [ {
        "links" : [ {
          "node_id_ref" : "660d2032-1022-44c0-ada5-6be03407f4e7",
          "type_attr" : "PRIMARY",
          "id" : "245b5a54-7d58-4bcd-9050-cb3a8b55a4d8",
          "app_data" : {
            "datastage" : { },
            "ui_data" : {
              "decorations" : [ {
                "image" : "/data-intg/flows/graphics/flows/link-output-handle--default-selected.svg",
                "temporary" : false,
                "outline" : false,
                "distance" : 0,
                "x_pos" : -10,
                "id" : "dec-3",
                "position" : "source",
                "y_pos" : -10,
                "class_name" : "linkStartImage"
              }, {
                "path" : "M -15 -15 L -15 15 15 15 15 -15 Z",
                "temporary" : false,
                "distance" : -50,
                "tooltip" : "Auto-partition",
                "x_pos" : 5,
                "id" : "dec-4",
                "position" : "target"
              }, {
                "image" : "/data-intg/flows/graphics/flows/link-marking--auto-partitioning.svg",
                "temporary" : false,
                "outline" : false,
                "distance" : -50,
                "width" : 12,
                "tooltip" : "Auto-partition",
                "x_pos" : -2,
                "id" : "dec-5",
                "position" : "target",
                "y_pos" : -6,
                "height" : 12
              }, {
                "path" : "M -25 -20 L -25 20 25 20 25 -20 Z",
                "temporary" : false,
                "id" : "dec-7",
                "position" : "middle",
                "class_name" : "linkMiddleImage"
              }, {
                "temporary" : false,
                "width" : 100,
                "x_pos" : -20,
                "id" : "dec-8",
                "position" : "middle",
                "label" : "Link_5\n4.1k rows\n120 rows/sec",
                "y_pos" : 2,
                "height" : 80
              } ],
              "class_name" : "linkStyle__runMetricsLinkFinishedStyle___QBKP8"
            }
          },
          "link_name" : "Link_5",
          "port_id_ref" : "ca38d3bb-31b9-47ef-a068-3782a41b31fe"
        } ],
        "id" : "0d60c77f-cd6c-4fde-ab09-9aa6e36fab8b",
        "app_data" : {
          "ui_data" : {
            "label" : "inPort",
            "cardinality" : {
              "min" : 1,
              "max" : 1
            }
          }
        },
        "schema_ref" : "499576a6-3689-433a-897f-1a51a83c9c1c",
        "parameters" : { }
      } ],
      "id" : "48361b09-c1c8-47ff-bc53-604c72df75ae",
      "type" : "execution_node",
      "app_data" : {
        "ui_data" : {
          "image" : "/data-intg/flows/graphics/palette/PxRemDup.svg",
          "x_pos" : 760.32,
          "label" : "Remove_Duplicates_1",
          "y_pos" : 237.60000000000002
        }
      },
      "parameters" : {
        "combinability" : "auto",
        "showPartType" : true,
        "inputcolProperties" : [ [ "id", false, "INTEGER", true, false, "–", 0, true, " " ], [ "first_name", false, "VARCHAR", false, false, 255, 0, true, " " ], [ "last_name", false, "VARCHAR", false, false, 255, 0, true, " " ], [ "place", false, "VARCHAR", false, false, 255, 0, true, " " ], [ "email", false, "VARCHAR", false, false, 255, 0, true, " " ], [ "gender", false, "VARCHAR", false, false, 255, 0, true, " " ], [ "age", false, "INTEGER", true, false, "–", 0, true, " " ], [ "organization", false, "VARCHAR", false, false, 255, 0, true, " " ] ],
        "keyProperties" : [ {
          "key" : "id"
        } ],
        "output_count" : 1,
        "execmode" : "default_par",
        "showCollType" : false,
        "input_count" : 1,
        "keep" : "first",
        "inputName" : "Link_5",
        "showSortOptions" : false
      }
    }, {
      "outputs" : [ {
        "id" : "e91a99bc-356d-4880-ac3f-dd1a3242211f",
        "app_data" : {
          "datastage" : {
            "is_source_of_link" : "9fc724bf-6df1-4411-91b5-fb5e02a4569c"
          },
          "ui_data" : {
            "label" : "outPort",
            "cardinality" : {
              "min" : 1,
              "max" : 1
            }
          }
        },
        "schema_ref" : "5278a0ba-65d1-4507-be74-b2a65ea446b1"
      } ],
      "op" : "PxSort",
      "inputs" : [ {
        "links" : [ {
          "node_id_ref" : "48361b09-c1c8-47ff-bc53-604c72df75ae",
          "type_attr" : "PRIMARY",
          "id" : "0c2000dc-432c-46db-9586-b3e27e29602b",
          "app_data" : {
            "datastage" : { },
            "ui_data" : {
              "decorations" : [ {
                "image" : "/data-intg/flows/graphics/flows/link-output-handle--default-selected.svg",
                "temporary" : false,
                "outline" : false,
                "distance" : 0,
                "x_pos" : -10,
                "id" : "dec-3",
                "position" : "source",
                "y_pos" : -10,
                "class_name" : "linkStartImage"
              }, {
                "path" : "M -15 -15 L -15 15 15 15 15 -15 Z",
                "temporary" : false,
                "distance" : -50,
                "tooltip" : "Auto-partition",
                "x_pos" : 5,
                "id" : "dec-4",
                "position" : "target"
              }, {
                "image" : "/data-intg/flows/graphics/flows/link-marking--auto-partitioning.svg",
                "temporary" : false,
                "outline" : false,
                "distance" : -50,
                "width" : 12,
                "tooltip" : "Auto-partition",
                "x_pos" : -2,
                "id" : "dec-5",
                "position" : "target",
                "y_pos" : -6,
                "height" : 12
              }, {
                "path" : "M -25 -20 L -25 20 25 20 25 -20 Z",
                "temporary" : false,
                "id" : "dec-7",
                "position" : "middle",
                "class_name" : "linkMiddleImage"
              }, {
                "temporary" : false,
                "width" : 100,
                "x_pos" : -20,
                "id" : "dec-8",
                "position" : "middle",
                "label" : "Link_6\n1k rows\n29 rows/sec",
                "y_pos" : 2,
                "height" : 80
              } ],
              "class_name" : "linkStyle__runMetricsLinkFinishedStyle___QBKP8"
            }
          },
          "link_name" : "Link_6",
          "port_id_ref" : "70bb793d-4435-4ce3-9e17-8163ff397746"
        } ],
        "id" : "52e43a66-3a53-4edd-8ed6-26c34840608b",
        "app_data" : {
          "ui_data" : {
            "label" : "inPort",
            "cardinality" : {
              "min" : 1,
              "max" : 1
            }
          }
        },
        "schema_ref" : "1080cd91-0944-4f3e-a978-7ff0ed358683",
        "parameters" : { }
      } ],
      "id" : "47f13c71-8322-4624-9218-5b66ecbc49d1",
      "type" : "execution_node",
      "app_data" : {
        "ui_data" : {
          "image" : "/data-intg/flows/graphics/palette/PxSort.svg",
          "x_pos" : 926.6400000000001,
          "label" : "Sort_1",
          "y_pos" : 237.60000000000002
        }
      },
      "parameters" : {
        "showPartType" : true,
        "keyProperties" : [ {
          "sorted-clustered" : " ",
          "asc-desc" : "asc",
          "key" : "id"
        } ],
        "showCollType" : false,
        "operator" : "tsort",
        "inputName" : "Link_6",
        "showSortOptions" : false,
        "combinability" : "auto",
        "inputcolProperties" : [ [ "id", false, "INTEGER", true, false, "–", 0, true, " " ], [ "first_name", false, "VARCHAR", false, false, 255, 0, true, " " ], [ "last_name", false, "VARCHAR", false, false, 255, 0, true, " " ], [ "place", false, "VARCHAR", false, false, 255, 0, true, " " ], [ "email", false, "VARCHAR", false, false, 255, 0, true, " " ], [ "gender", false, "VARCHAR", false, false, 255, 0, true, " " ], [ "age", false, "INTEGER", true, false, "–", 0, true, " " ], [ "organization", false, "VARCHAR", false, false, 255, 0, true, " " ] ],
        "stats" : " ",
        "output_count" : 1,
        "stable" : "stable",
        "execmode" : "default_par",
        "input_count" : 1,
        "unique" : " ",
        "flagCluster" : " ",
        "flagKey" : " "
      }
    }, {
      "op" : "postgresql-amazon",
      "inputs" : [ {
        "links" : [ {
          "node_id_ref" : "47f13c71-8322-4624-9218-5b66ecbc49d1",
          "type_attr" : "PRIMARY",
          "id" : "9fc724bf-6df1-4411-91b5-fb5e02a4569c",
          "app_data" : {
            "datastage" : { },
            "ui_data" : {
              "decorations" : [ {
                "image" : "/data-intg/flows/graphics/flows/link-output-handle--default-selected.svg",
                "temporary" : false,
                "outline" : false,
                "distance" : 0,
                "x_pos" : -10,
                "id" : "dec-3",
                "position" : "source",
                "y_pos" : -10,
                "class_name" : "linkStartImage"
              }, {
                "path" : "M -15 -15 L -15 15 15 15 15 -15 Z",
                "temporary" : false,
                "distance" : -50,
                "tooltip" : "Auto-partition",
                "x_pos" : 5,
                "id" : "dec-4",
                "position" : "target"
              }, {
                "image" : "/data-intg/flows/graphics/flows/link-marking--auto-partitioning.svg",
                "temporary" : false,
                "outline" : false,
                "distance" : -50,
                "width" : 12,
                "tooltip" : "Auto-partition",
                "x_pos" : -2,
                "id" : "dec-5",
                "position" : "target",
                "y_pos" : -6,
                "height" : 12
              }, {
                "path" : "M -25 -20 L -25 20 25 20 25 -20 Z",
                "temporary" : false,
                "id" : "dec-7",
                "position" : "middle",
                "class_name" : "linkMiddleImage"
              }, {
                "temporary" : false,
                "width" : 100,
                "x_pos" : -20,
                "id" : "dec-8",
                "position" : "middle",
                "label" : "Link_7\n1k rows\n29 rows/sec",
                "y_pos" : 2,
                "height" : 80
              } ],
              "class_name" : "linkStyle__runMetricsLinkFinishedStyle___QBKP8"
            }
          },
          "link_name" : "Link_7",
          "port_id_ref" : "e91a99bc-356d-4880-ac3f-dd1a3242211f"
        } ],
        "id" : "837469ca-c7dc-4d5a-98d9-3cf2ee211a44",
        "app_data" : {
          "ui_data" : {
            "label" : "inPort",
            "cardinality" : {
              "min" : 0,
              "max" : 1
            }
          }
        },
        "schema_ref" : "5278a0ba-65d1-4507-be74-b2a65ea446b1",
        "parameters" : { }
      } ],
      "connection" : {
        "ref" : "69d18746-64f7-406c-8d06-403c67e77e26",
        "project_ref" : "cdab3a92-7e9e-4aa2-8f18-01ff43be14d2",
        "properties" : {
          "_java._heap_size" : 256,
          "before_after.after_node" : "",
          "showPartType" : true,
          "before_after.before_node.fail_on_error" : true,
          "before_after.after_node.fail_on_error" : true,
          "batch_size" : 2000,
          "showCollType" : false,
          "before_after.before_node" : "",
          "part_type" : "auto",
          "table_name" : "",
          "before_after.before" : "",
          "inputName" : "Link_7",
          "showSortOptions" : false,
          "before_after.before.fail_on_error" : true,
          "write_mode" : "insert",
          "node_number" : 0,
          "before_after.after" : "",
          "node_count" : 1,
          "before_after.after.fail_on_error" : true,
          "table_action" : "append",
          "registerDataAsset" : false
        },
        "name" : "AWS-PostgreSQL-Connection"
      },
      "id" : "f0a66c19-d82a-4900-bf00-5d253fba45b1",
      "type" : "binding",
      "app_data" : {
        "ui_data" : {
          "image" : "/data-intg/flows/graphics/palette/postgresql-amazon.svg",
          "x_pos" : 1069.2,
          "label" : "Amazon_RDS_for_PostgreSQL_1",
          "y_pos" : 237.60000000000002
        }
      },
      "parameters" : {
        "combinability" : "auto",
        "inputcolProperties" : [ [ "id", false, "INTEGER", true, false, "–", 0, true, " " ], [ "first_name", false, "VARCHAR", false, false, 255, 0, true, " " ], [ "last_name", false, "VARCHAR", false, false, 255, 0, true, " " ], [ "place", false, "VARCHAR", false, false, 255, 0, true, " " ], [ "email", false, "VARCHAR", false, false, 255, 0, true, " " ], [ "gender", false, "VARCHAR", false, false, 255, 0, true, " " ], [ "age", false, "INTEGER", true, false, "–", 0, true, " " ], [ "organization", false, "VARCHAR", false, false, 255, 0, true, " " ] ],
        "output_count" : 0,
        "input_count" : 1,
        "execmode" : "default_par"
      }
    } ],
    "description" : "",
    "id" : "1746dffc-f014-403e-8340-b21a99e09f89",
    "app_data" : {
      "ui_data" : {
        "comments" : [ ]
      }
    },
    "runtime_ref" : "pxOsh"
  } ],
  "external_paramsets" : [ ],
  "json_schema" : "https://api.dataplatform.ibm.com/schemas/common-pipeline/pipeline-flow/pipeline-flow-v3-schema.json",
  "schemas" : [ {
    "id" : "2f5bd277-a1a7-4792-b504-b7caea0adcd1",
    "fields" : [ {
      "metadata" : {
        "item_index" : 0,
        "is_key" : false,
        "min_length" : 0,
        "decimal_scale" : 0,
        "decimal_precision" : 0,
        "description" : " ",
        "max_length" : 10,
        "is_signed" : true
      },
      "nullable" : true,
      "name" : "id",
      "type" : "integer",
      "app_data" : {
        "odbc_type" : "INTEGER",
        "is_unicode_string" : false,
        "type_code" : "INT32"
      }
    }, {
      "metadata" : {
        "item_index" : 0,
        "is_key" : false,
        "min_length" : 0,
        "decimal_scale" : 0,
        "decimal_precision" : 0,
        "description" : " ",
        "max_length" : 255,
        "is_signed" : false
      },
      "nullable" : true,
      "name" : "first_name",
      "type" : "string",
      "app_data" : {
        "odbc_type" : "VARCHAR",
        "is_unicode_string" : false,
        "type_code" : "STRING"
      }
    }, {
      "metadata" : {
        "item_index" : 0,
        "is_key" : false,
        "min_length" : 0,
        "decimal_scale" : 0,
        "decimal_precision" : 0,
        "description" : " ",
        "max_length" : 255,
        "is_signed" : false
      },
      "nullable" : true,
      "name" : "last_name",
      "type" : "string",
      "app_data" : {
        "odbc_type" : "VARCHAR",
        "is_unicode_string" : false,
        "type_code" : "STRING"
      }
    }, {
      "metadata" : {
        "item_index" : 0,
        "is_key" : false,
        "min_length" : 0,
        "decimal_scale" : 0,
        "decimal_precision" : 0,
        "description" : " ",
        "max_length" : 255,
        "is_signed" : false
      },
      "nullable" : true,
      "name" : "place",
      "type" : "string",
      "app_data" : {
        "odbc_type" : "VARCHAR",
        "is_unicode_string" : false,
        "type_code" : "STRING"
      }
    }, {
      "metadata" : {
        "item_index" : 0,
        "is_key" : false,
        "min_length" : 0,
        "decimal_scale" : 0,
        "decimal_precision" : 0,
        "description" : " ",
        "max_length" : 255,
        "is_signed" : false
      },
      "nullable" : true,
      "name" : "email",
      "type" : "string",
      "app_data" : {
        "odbc_type" : "VARCHAR",
        "is_unicode_string" : false,
        "type_code" : "STRING"
      }
    }, {
      "metadata" : {
        "item_index" : 0,
        "is_key" : false,
        "min_length" : 0,
        "decimal_scale" : 0,
        "decimal_precision" : 0,
        "description" : " ",
        "max_length" : 255,
        "is_signed" : false
      },
      "nullable" : true,
      "name" : "gender",
      "type" : "string",
      "app_data" : {
        "odbc_type" : "VARCHAR",
        "is_unicode_string" : false,
        "type_code" : "STRING"
      }
    }, {
      "metadata" : {
        "item_index" : 0,
        "is_key" : false,
        "min_length" : 0,
        "decimal_scale" : 0,
        "decimal_precision" : 0,
        "description" : " ",
        "max_length" : 10,
        "is_signed" : true
      },
      "nullable" : true,
      "name" : "age",
      "type" : "integer",
      "app_data" : {
        "odbc_type" : "INTEGER",
        "is_unicode_string" : false,
        "type_code" : "INT32"
      }
    }, {
      "metadata" : {
        "item_index" : 0,
        "is_key" : false,
        "min_length" : 0,
        "decimal_scale" : 0,
        "decimal_precision" : 0,
        "description" : " ",
        "max_length" : 255,
        "is_signed" : false
      },
      "nullable" : true,
      "name" : "organization",
      "type" : "string",
      "app_data" : {
        "odbc_type" : "VARCHAR",
        "is_unicode_string" : false,
        "type_code" : "STRING"
      }
    } ]
  }, {
    "id" : "65efe9f5-f9ff-4f2f-98c2-066112ac1792",
    "fields" : [ {
      "metadata" : {
        "item_index" : 0,
        "is_key" : false,
        "min_length" : 0,
        "decimal_scale" : 0,
        "decimal_precision" : 0,
        "description" : " ",
        "max_length" : 1024,
        "is_signed" : true
      },
      "nullable" : true,
      "name" : "id",
      "type" : "integer",
      "app_data" : {
        "odbc_type" : "INTEGER",
        "is_unicode_string" : false,
        "type_code" : "INT32"
      }
    }, {
      "metadata" : {
        "item_index" : 0,
        "is_key" : false,
        "min_length" : 0,
        "decimal_scale" : 0,
        "decimal_precision" : 0,
        "description" : " ",
        "max_length" : 255,
        "is_signed" : false
      },
      "nullable" : true,
      "name" : "first_name",
      "type" : "string",
      "app_data" : {
        "odbc_type" : "VARCHAR",
        "is_unicode_string" : false,
        "type_code" : "STRING"
      }
    }, {
      "metadata" : {
        "item_index" : 0,
        "is_key" : false,
        "min_length" : 0,
        "decimal_scale" : 0,
        "decimal_precision" : 0,
        "description" : " ",
        "max_length" : 255,
        "is_signed" : false
      },
      "nullable" : true,
      "name" : "last_name",
      "type" : "string",
      "app_data" : {
        "odbc_type" : "VARCHAR",
        "is_unicode_string" : false,
        "type_code" : "STRING"
      }
    }, {
      "metadata" : {
        "item_index" : 0,
        "is_key" : false,
        "min_length" : 0,
        "decimal_scale" : 0,
        "decimal_precision" : 0,
        "description" : " ",
        "max_length" : 255,
        "is_signed" : false
      },
      "nullable" : true,
      "name" : "place",
      "type" : "string",
      "app_data" : {
        "odbc_type" : "VARCHAR",
        "is_unicode_string" : false,
        "type_code" : "STRING"
      }
    }, {
      "metadata" : {
        "item_index" : 0,
        "is_key" : false,
        "min_length" : 0,
        "decimal_scale" : 0,
        "decimal_precision" : 0,
        "description" : " ",
        "max_length" : 255,
        "is_signed" : false
      },
      "nullable" : true,
      "name" : "email",
      "type" : "string",
      "app_data" : {
        "odbc_type" : "VARCHAR",
        "is_unicode_string" : false,
        "type_code" : "STRING"
      }
    }, {
      "metadata" : {
        "item_index" : 0,
        "is_key" : false,
        "min_length" : 0,
        "decimal_scale" : 0,
        "decimal_precision" : 0,
        "description" : " ",
        "max_length" : 255,
        "is_signed" : false
      },
      "nullable" : true,
      "name" : "gender",
      "type" : "string",
      "app_data" : {
        "odbc_type" : "VARCHAR",
        "is_unicode_string" : false,
        "type_code" : "STRING"
      }
    }, {
      "metadata" : {
        "item_index" : 0,
        "is_key" : false,
        "min_length" : 0,
        "decimal_scale" : 0,
        "decimal_precision" : 0,
        "description" : " ",
        "max_length" : 1024,
        "is_signed" : true
      },
      "nullable" : true,
      "name" : "age",
      "type" : "integer",
      "app_data" : {
        "odbc_type" : "INTEGER",
        "is_unicode_string" : false,
        "type_code" : "INT32"
      }
    }, {
      "metadata" : {
        "item_index" : 0,
        "is_key" : false,
        "min_length" : 0,
        "decimal_scale" : 0,
        "decimal_precision" : 0,
        "description" : " ",
        "max_length" : 255,
        "is_signed" : false
      },
      "nullable" : true,
      "name" : "organization",
      "type" : "string",
      "app_data" : {
        "odbc_type" : "VARCHAR",
        "is_unicode_string" : false,
        "type_code" : "STRING"
      }
    } ]
  }, {
    "id" : "18973521-4c13-4a68-8077-a9ea3f1f79da",
    "fields" : [ {
      "metadata" : {
        "item_index" : 0,
        "is_key" : false,
        "min_length" : 0,
        "decimal_scale" : 0,
        "decimal_precision" : 0,
        "description" : " ",
        "max_length" : 10,
        "is_signed" : true
      },
      "nullable" : true,
      "name" : "id",
      "app_data" : {
        "odbc_type" : "INTEGER",
        "is_unicode_string" : false,
        "type_code" : "INT32"
      },
      "type" : "integer"
    }, {
      "metadata" : {
        "item_index" : 0,
        "is_key" : false,
        "min_length" : 0,
        "decimal_scale" : 0,
        "decimal_precision" : 0,
        "description" : " ",
        "max_length" : 255,
        "is_signed" : false
      },
      "nullable" : true,
      "name" : "first_name",
      "app_data" : {
        "odbc_type" : "VARCHAR",
        "is_unicode_string" : false,
        "type_code" : "STRING"
      },
      "type" : "string"
    }, {
      "metadata" : {
        "item_index" : 0,
        "is_key" : false,
        "min_length" : 0,
        "decimal_scale" : 0,
        "decimal_precision" : 0,
        "description" : " ",
        "max_length" : 255,
        "is_signed" : false
      },
      "nullable" : true,
      "name" : "last_name",
      "app_data" : {
        "odbc_type" : "VARCHAR",
        "is_unicode_string" : false,
        "type_code" : "STRING"
      },
      "type" : "string"
    }, {
      "metadata" : {
        "item_index" : 0,
        "is_key" : false,
        "min_length" : 0,
        "decimal_scale" : 0,
        "decimal_precision" : 0,
        "description" : " ",
        "max_length" : 255,
        "is_signed" : false
      },
      "nullable" : true,
      "name" : "place",
      "app_data" : {
        "odbc_type" : "VARCHAR",
        "is_unicode_string" : false,
        "type_code" : "STRING"
      },
      "type" : "string"
    }, {
      "metadata" : {
        "item_index" : 0,
        "is_key" : false,
        "min_length" : 0,
        "decimal_scale" : 0,
        "decimal_precision" : 0,
        "description" : " ",
        "max_length" : 255,
        "is_signed" : false
      },
      "nullable" : true,
      "name" : "email",
      "app_data" : {
        "odbc_type" : "VARCHAR",
        "is_unicode_string" : false,
        "type_code" : "STRING"
      },
      "type" : "string"
    }, {
      "metadata" : {
        "item_index" : 0,
        "is_key" : false,
        "min_length" : 0,
        "decimal_scale" : 0,
        "decimal_precision" : 0,
        "description" : " ",
        "max_length" : 255,
        "is_signed" : false
      },
      "nullable" : true,
      "name" : "gender",
      "app_data" : {
        "odbc_type" : "VARCHAR",
        "is_unicode_string" : false,
        "type_code" : "STRING"
      },
      "type" : "string"
    }, {
      "metadata" : {
        "item_index" : 0,
        "is_key" : false,
        "min_length" : 0,
        "decimal_scale" : 0,
        "decimal_precision" : 0,
        "description" : " ",
        "max_length" : 10,
        "is_signed" : true
      },
      "nullable" : true,
      "name" : "age",
      "app_data" : {
        "odbc_type" : "INTEGER",
        "is_unicode_string" : false,
        "type_code" : "INT32"
      },
      "type" : "integer"
    }, {
      "metadata" : {
        "item_index" : 0,
        "is_key" : false,
        "min_length" : 0,
        "decimal_scale" : 0,
        "decimal_precision" : 0,
        "description" : " ",
        "max_length" : 255,
        "is_signed" : false
      },
      "nullable" : true,
      "name" : "organization",
      "app_data" : {
        "odbc_type" : "VARCHAR",
        "is_unicode_string" : false,
        "type_code" : "STRING"
      },
      "type" : "string"
    } ]
  }, {
    "id" : "499576a6-3689-433a-897f-1a51a83c9c1c",
    "fields" : [ {
      "metadata" : {
        "item_index" : 0,
        "is_key" : false,
        "min_length" : 0,
        "decimal_scale" : 0,
        "decimal_precision" : 0,
        "description" : " ",
        "source_field_id" : "Link_1.id",
        "max_length" : 10,
        "is_signed" : true
      },
      "nullable" : true,
      "name" : "id",
      "type" : "integer",
      "app_data" : {
        "odbc_type" : "INTEGER",
        "is_unicode_string" : false,
        "type_code" : "INT32"
      }
    }, {
      "metadata" : {
        "item_index" : 0,
        "is_key" : false,
        "min_length" : 0,
        "decimal_scale" : 0,
        "decimal_precision" : 0,
        "description" : " ",
        "source_field_id" : "Link_1.first_name",
        "max_length" : 255,
        "is_signed" : false
      },
      "nullable" : true,
      "name" : "first_name",
      "type" : "string",
      "app_data" : {
        "odbc_type" : "VARCHAR",
        "is_unicode_string" : false,
        "type_code" : "STRING"
      }
    }, {
      "metadata" : {
        "item_index" : 0,
        "is_key" : false,
        "min_length" : 0,
        "decimal_scale" : 0,
        "decimal_precision" : 0,
        "description" : " ",
        "source_field_id" : "Link_1.last_name",
        "max_length" : 255,
        "is_signed" : false
      },
      "nullable" : true,
      "name" : "last_name",
      "type" : "string",
      "app_data" : {
        "odbc_type" : "VARCHAR",
        "is_unicode_string" : false,
        "type_code" : "STRING"
      }
    }, {
      "metadata" : {
        "item_index" : 0,
        "is_key" : false,
        "min_length" : 0,
        "decimal_scale" : 0,
        "decimal_precision" : 0,
        "description" : " ",
        "source_field_id" : "Link_1.place",
        "max_length" : 255,
        "is_signed" : false
      },
      "nullable" : true,
      "name" : "place",
      "type" : "string",
      "app_data" : {
        "odbc_type" : "VARCHAR",
        "is_unicode_string" : false,
        "type_code" : "STRING"
      }
    }, {
      "metadata" : {
        "item_index" : 0,
        "is_key" : false,
        "min_length" : 0,
        "decimal_scale" : 0,
        "decimal_precision" : 0,
        "description" : " ",
        "source_field_id" : "Link_1.email",
        "max_length" : 255,
        "is_signed" : false
      },
      "nullable" : true,
      "name" : "email",
      "type" : "string",
      "app_data" : {
        "odbc_type" : "VARCHAR",
        "is_unicode_string" : false,
        "type_code" : "STRING"
      }
    }, {
      "metadata" : {
        "item_index" : 0,
        "is_key" : false,
        "min_length" : 0,
        "decimal_scale" : 0,
        "decimal_precision" : 0,
        "description" : " ",
        "source_field_id" : "Link_1.gender",
        "max_length" : 255,
        "is_signed" : false
      },
      "nullable" : true,
      "name" : "gender",
      "type" : "string",
      "app_data" : {
        "odbc_type" : "VARCHAR",
        "is_unicode_string" : false,
        "type_code" : "STRING"
      }
    }, {
      "metadata" : {
        "item_index" : 0,
        "is_key" : false,
        "min_length" : 0,
        "decimal_scale" : 0,
        "decimal_precision" : 0,
        "description" : " ",
        "source_field_id" : "Link_1.age",
        "max_length" : 10,
        "is_signed" : true
      },
      "nullable" : true,
      "name" : "age",
      "type" : "integer",
      "app_data" : {
        "odbc_type" : "INTEGER",
        "is_unicode_string" : false,
        "type_code" : "INT32"
      }
    }, {
      "metadata" : {
        "item_index" : 0,
        "is_key" : false,
        "min_length" : 0,
        "decimal_scale" : 0,
        "decimal_precision" : 0,
        "description" : " ",
        "source_field_id" : "Link_1.organization",
        "max_length" : 255,
        "is_signed" : false
      },
      "nullable" : true,
      "name" : "organization",
      "type" : "string",
      "app_data" : {
        "odbc_type" : "VARCHAR",
        "is_unicode_string" : false,
        "type_code" : "STRING"
      }
    } ]
  }, {
    "id" : "1080cd91-0944-4f3e-a978-7ff0ed358683",
    "fields" : [ {
      "metadata" : {
        "item_index" : 0,
        "is_key" : false,
        "min_length" : 0,
        "decimal_scale" : 0,
        "decimal_precision" : 0,
        "description" : " ",
        "source_field_id" : "Link_5.id",
        "max_length" : 10,
        "is_signed" : true
      },
      "nullable" : true,
      "name" : "id",
      "type" : "integer",
      "app_data" : {
        "odbc_type" : "INTEGER",
        "is_unicode_string" : false,
        "type_code" : "INT32"
      }
    }, {
      "metadata" : {
        "item_index" : 0,
        "is_key" : false,
        "min_length" : 0,
        "decimal_scale" : 0,
        "decimal_precision" : 0,
        "description" : " ",
        "source_field_id" : "Link_5.first_name",
        "max_length" : 255,
        "is_signed" : false
      },
      "nullable" : true,
      "name" : "first_name",
      "type" : "string",
      "app_data" : {
        "odbc_type" : "VARCHAR",
        "is_unicode_string" : false,
        "type_code" : "STRING"
      }
    }, {
      "metadata" : {
        "item_index" : 0,
        "is_key" : false,
        "min_length" : 0,
        "decimal_scale" : 0,
        "decimal_precision" : 0,
        "description" : " ",
        "source_field_id" : "Link_5.last_name",
        "max_length" : 255,
        "is_signed" : false
      },
      "nullable" : true,
      "name" : "last_name",
      "type" : "string",
      "app_data" : {
        "odbc_type" : "VARCHAR",
        "is_unicode_string" : false,
        "type_code" : "STRING"
      }
    }, {
      "metadata" : {
        "item_index" : 0,
        "is_key" : false,
        "min_length" : 0,
        "decimal_scale" : 0,
        "decimal_precision" : 0,
        "description" : " ",
        "source_field_id" : "Link_5.place",
        "max_length" : 255,
        "is_signed" : false
      },
      "nullable" : true,
      "name" : "place",
      "type" : "string",
      "app_data" : {
        "odbc_type" : "VARCHAR",
        "is_unicode_string" : false,
        "type_code" : "STRING"
      }
    }, {
      "metadata" : {
        "item_index" : 0,
        "is_key" : false,
        "min_length" : 0,
        "decimal_scale" : 0,
        "decimal_precision" : 0,
        "description" : " ",
        "source_field_id" : "Link_5.email",
        "max_length" : 255,
        "is_signed" : false
      },
      "nullable" : true,
      "name" : "email",
      "type" : "string",
      "app_data" : {
        "odbc_type" : "VARCHAR",
        "is_unicode_string" : false,
        "type_code" : "STRING"
      }
    }, {
      "metadata" : {
        "item_index" : 0,
        "is_key" : false,
        "min_length" : 0,
        "decimal_scale" : 0,
        "decimal_precision" : 0,
        "description" : " ",
        "source_field_id" : "Link_5.gender",
        "max_length" : 255,
        "is_signed" : false
      },
      "nullable" : true,
      "name" : "gender",
      "type" : "string",
      "app_data" : {
        "odbc_type" : "VARCHAR",
        "is_unicode_string" : false,
        "type_code" : "STRING"
      }
    }, {
      "metadata" : {
        "item_index" : 0,
        "is_key" : false,
        "min_length" : 0,
        "decimal_scale" : 0,
        "decimal_precision" : 0,
        "description" : " ",
        "source_field_id" : "Link_5.age",
        "max_length" : 10,
        "is_signed" : true
      },
      "nullable" : true,
      "name" : "age",
      "type" : "integer",
      "app_data" : {
        "odbc_type" : "INTEGER",
        "is_unicode_string" : false,
        "type_code" : "INT32"
      }
    }, {
      "metadata" : {
        "item_index" : 0,
        "is_key" : false,
        "min_length" : 0,
        "decimal_scale" : 0,
        "decimal_precision" : 0,
        "description" : " ",
        "source_field_id" : "Link_5.organization",
        "max_length" : 255,
        "is_signed" : false
      },
      "nullable" : true,
      "name" : "organization",
      "type" : "string",
      "app_data" : {
        "odbc_type" : "VARCHAR",
        "is_unicode_string" : false,
        "type_code" : "STRING"
      }
    } ]
  }, {
    "id" : "5278a0ba-65d1-4507-be74-b2a65ea446b1",
    "fields" : [ {
      "metadata" : {
        "item_index" : 0,
        "is_key" : false,
        "min_length" : 0,
        "decimal_scale" : 0,
        "decimal_precision" : 0,
        "description" : " ",
        "source_field_id" : "Link_6.id",
        "max_length" : 10,
        "is_signed" : true
      },
      "nullable" : true,
      "name" : "id",
      "type" : "integer",
      "app_data" : {
        "odbc_type" : "INTEGER",
        "is_unicode_string" : false,
        "type_code" : "INT32"
      }
    }, {
      "metadata" : {
        "item_index" : 0,
        "is_key" : false,
        "min_length" : 0,
        "decimal_scale" : 0,
        "decimal_precision" : 0,
        "description" : " ",
        "source_field_id" : "Link_6.first_name",
        "max_length" : 255,
        "is_signed" : false
      },
      "nullable" : true,
      "name" : "first_name",
      "type" : "string",
      "app_data" : {
        "odbc_type" : "VARCHAR",
        "is_unicode_string" : false,
        "type_code" : "STRING"
      }
    }, {
      "metadata" : {
        "item_index" : 0,
        "is_key" : false,
        "min_length" : 0,
        "decimal_scale" : 0,
        "decimal_precision" : 0,
        "description" : " ",
        "source_field_id" : "Link_6.last_name",
        "max_length" : 255,
        "is_signed" : false
      },
      "nullable" : true,
      "name" : "last_name",
      "type" : "string",
      "app_data" : {
        "odbc_type" : "VARCHAR",
        "is_unicode_string" : false,
        "type_code" : "STRING"
      }
    }, {
      "metadata" : {
        "item_index" : 0,
        "is_key" : false,
        "min_length" : 0,
        "decimal_scale" : 0,
        "decimal_precision" : 0,
        "description" : " ",
        "source_field_id" : "Link_6.place",
        "max_length" : 255,
        "is_signed" : false
      },
      "nullable" : true,
      "name" : "place",
      "type" : "string",
      "app_data" : {
        "odbc_type" : "VARCHAR",
        "is_unicode_string" : false,
        "type_code" : "STRING"
      }
    }, {
      "metadata" : {
        "item_index" : 0,
        "is_key" : false,
        "min_length" : 0,
        "decimal_scale" : 0,
        "decimal_precision" : 0,
        "description" : " ",
        "source_field_id" : "Link_6.email",
        "max_length" : 255,
        "is_signed" : false
      },
      "nullable" : true,
      "name" : "email",
      "type" : "string",
      "app_data" : {
        "odbc_type" : "VARCHAR",
        "is_unicode_string" : false,
        "type_code" : "STRING"
      }
    }, {
      "metadata" : {
        "item_index" : 0,
        "is_key" : false,
        "min_length" : 0,
        "decimal_scale" : 0,
        "decimal_precision" : 0,
        "description" : " ",
        "source_field_id" : "Link_6.gender",
        "max_length" : 255,
        "is_signed" : false
      },
      "nullable" : true,
      "name" : "gender",
      "type" : "string",
      "app_data" : {
        "odbc_type" : "VARCHAR",
        "is_unicode_string" : false,
        "type_code" : "STRING"
      }
    }, {
      "metadata" : {
        "item_index" : 0,
        "is_key" : false,
        "min_length" : 0,
        "decimal_scale" : 0,
        "decimal_precision" : 0,
        "description" : " ",
        "source_field_id" : "Link_6.age",
        "max_length" : 10,
        "is_signed" : true
      },
      "nullable" : true,
      "name" : "age",
      "type" : "integer",
      "app_data" : {
        "odbc_type" : "INTEGER",
        "is_unicode_string" : false,
        "type_code" : "INT32"
      }
    }, {
      "metadata" : {
        "item_index" : 0,
        "is_key" : false,
        "min_length" : 0,
        "decimal_scale" : 0,
        "decimal_precision" : 0,
        "description" : " ",
        "source_field_id" : "Link_6.organization",
        "max_length" : 255,
        "is_signed" : false
      },
      "nullable" : true,
      "name" : "organization",
      "type" : "string",
      "app_data" : {
        "odbc_type" : "VARCHAR",
        "is_unicode_string" : false,
        "type_code" : "STRING"
      }
    } ]
  } ],
  "doc_type" : "pipeline",
  "id" : "c6fec528-cb7b-4d4c-9eeb-56f21d62bc67",
  "app_data" : {
    "datastage" : {
      "message_handlers" : [ ],
      "version" : "3.0.5"
    },
    "additionalProperties" : {
      "enableRCP" : false,
      "enableSchemaLessDesign" : false,
      "showLinkmarkings" : true,
      "showRuntimeMetrics" : true,
      "showComments" : true
    }
  },
  "version" : "3.0",
  "parameters" : {
    "local_parameters" : [ ]
  }
}