{"metadata":{"asset_id":"ca81884c-9fcd-45ca-b359-fa6d0302ea9a","asset_attributes":["data_flow"],"name":"ts-data-region_mod.csv_flow","asset_type":"data_flow","created_at":"2022-04-26T06:40:57Z","description":"","origin_country":"us","owner_id":"1000330999","project_id":"9579d918-29dd-4223-b72b-b149170aec26","size":2088,"tags":[],"usage":{"last_update_time":1650955258286,"last_updated_at":"2022-04-26T06:40:58Z"}},"entity":{"data_flow":{"_entity_only":false}},"attachments":[{"id":"f239443e-50b0-40bb-9005-faef705ef6af","version":2,"asset_type":"data_flow","name":"data_flow","description":"","mime":"application/json","datasource_type":"81bafdbd-b7c6-45c5-a4fd-6ec135f66f4e","object_key":"data_flow/ts-data-region_mod.csv_flow","creator_id":"1000330999","create_time":1650955258286,"size":2088,"is_remote":false,"is_managed":false,"is_referenced":true,"is_object_key_read_only":false,"is_user_provided_path_key":true,"transfer_complete":true,"is_partitioned":false,"complete_time_ticks":1650955258286,"user_data":{},"test_doc":0,"handle":{"key":"data_flow/ts-data-region_mod.csv_flow","upload_id":"done","max_part_num":1},"usage":{"access_count":0,"last_accessor_id":"1000330999","last_access_time":1650955258286}}]}