{"metadata":{"asset_id":"37391579-a0f8-4e12-9600-e0c5c7e97093","asset_attributes":["data_asset"],"name":"ts-data-region_mod.csv","asset_type":"data_asset","created_at":"2022-04-26T06:39:22Z","description":"","origin_country":"us","owner_id":"1000330999","project_id":"9579d918-29dd-4223-b72b-b149170aec26","size":61156,"tags":[],"usage":{"last_update_time":1650955163792,"last_updated_at":"2022-04-26T06:39:23Z"}},"entity":{"data_asset":{"mime_type":"text/csv","dataset":false}},"attachments":[{"id":"0f7bb59d-675d-43fa-91a7-2eab89a35e09","version":2,"asset_type":"data_asset","name":"ts-data-region_mod.csv","mime":"text/csv","datasource_type":"81bafdbd-b7c6-45c5-a4fd-6ec135f66f4e","object_key":"data_asset/ts-data-region_mod.csv","creator_id":"1000330999","create_time":1650955163791,"size":61156,"is_remote":false,"is_managed":false,"is_referenced":true,"is_object_key_read_only":true,"is_user_provided_path_key":true,"transfer_complete":true,"is_partitioned":false,"complete_time_ticks":1650955163791,"user_data":{},"test_doc":0,"handle":{"key":"data_asset/ts-data-region_mod.csv","upload_id":"done","max_part_num":1},"usage":{"access_count":0,"last_accessor_id":"1000330999","last_access_time":1650955163791}}]}