REGION,Total_cases,Risk_Index
Brussels,119,0
Flanders,461,2
Wallonia,383,1
Brussels,238,0
Flanders,794,2
Wallonia,568,1
Brussels,219,0
Flanders,1414,2
Wallonia,654,1
Brussels,346,0
Flanders,1962,2
Wallonia,925,1
Brussels,583,0
Flanders,2212,2
Wallonia,1245,1
Brussels,504,0
Flanders,3230,2
Wallonia,1468,1
Brussels,683,0
Flanders,2951,2
Wallonia,1377,1
Brussels,719,0
Flanders,2262,2
Wallonia,1464,1
Brussels,515,0
Flanders,3679,2
Wallonia,1758,1
Brussels,1058,0
Flanders,5412,2
Wallonia,1777,1
Brussels,1312,0
Flanders,6299,2
Wallonia,2424,1
Brussels,1517,0
Flanders,5462,2
Wallonia,2726,1
Brussels,1859,0
Flanders,6398,2
Wallonia,2962,1
Brussels,1856,0
Flanders,6535,2
Wallonia,2644,1
Brussels,1661,0
Flanders,4855,2
Wallonia,2441,1
Brussels,986,0
Flanders,6131,2
Wallonia,3155,1
Brussels,2096,0
Flanders,6389,2
Wallonia,2698,1
Brussels,1591,0
Flanders,6428,2
Wallonia,3667,1
Brussels,1973,0
Flanders,5815,2
Wallonia,3714,1
Brussels,1283,0
Flanders,6709,2
Wallonia,2425,1
Brussels,1377,0
Flanders,5143,2
Wallonia,2549,1
Brussels,1072,0
Flanders,3407,2
Wallonia,1782,1
Brussels,1061,0
Flanders,4508,2
Wallonia,2051,1
Brussels,1562,0
Flanders,5555,2
Wallonia,2583,1
Brussels,1262,0
Flanders,4790,2
Wallonia,3260,1
Brussels,1601,0
Flanders,5465,2
Wallonia,3493,1
Brussels,1203,0
Flanders,5766,2
Wallonia,2828,1
Brussels,762,0
Flanders,4320,2
Wallonia,2182,1
Brussels,843,0
Flanders,2547,2
Wallonia,1099,1
Brussels,775,0
Flanders,2423,2
Wallonia,991,1
Brussels,708,0
Flanders,3412,2
Wallonia,1576,1
Brussels,903,0
Flanders,3973,2
Wallonia,2139,1
Brussels,1019,0
Flanders,3708,2
Wallonia,2441,1
Brussels,1037,0
Flanders,3417,2
Wallonia,1990,1
Brussels,578,0
Flanders,2255,2
Wallonia,1867,1
Brussels,503,0
Flanders,1766,2
Wallonia,1215,1
Brussels,439,0
Flanders,2106,2
Wallonia,1752,1
Brussels,572,0
Flanders,2866,2
Wallonia,2275,1
Brussels,812,0
Flanders,1752,2
Wallonia,1530,1
Brussels,667,0
Flanders,2139,2
Wallonia,1537,1
Brussels,776,0
Flanders,2177,2
Wallonia,1279,1
Brussels,331,0
Flanders,1638,2
Wallonia,794,1
Brussels,247,0
Flanders,783,2
Wallonia,623,1
Brussels,448,0
Flanders,1523,2
Wallonia,869,1
Brussels,390,0
Flanders,1718,2
Wallonia,863,1
Brussels,481,0
Flanders,1900,2
Wallonia,843,1
Brussels,481,0
Flanders,1477,2
Wallonia,909,1
Brussels,130,0
Flanders,1265,2
Wallonia,393,1
Brussels,90,0
Flanders,831,2
Wallonia,439,1
Brussels,87,0
Flanders,511,2
Wallonia,114,1
Brussels,331,0
Flanders,1331,2
Wallonia,459,1
Brussels,367,0
Flanders,1373,2
Wallonia,731,1
Brussels,303,0
Flanders,1379,2
Wallonia,535,1
Brussels,295,0
Flanders,1359,2
Wallonia,683,1
Brussels,189,0
Flanders,939,2
Wallonia,574,1
Brussels,251,0
Flanders,680,2
Wallonia,301,1
Brussels,92,0
Flanders,246,2
Wallonia,210,1
Brussels,157,0
Flanders,842,2
Wallonia,204,1
Brussels,148,0
Flanders,940,2
Wallonia,452,1
Brussels,193,0
Flanders,864,2
Wallonia,463,1
Brussels,126,0
Flanders,780,2
Wallonia,381,1
Brussels,207,0
Flanders,783,2
Wallonia,310,1
Brussels,175,0
Flanders,368,2
Wallonia,233,1
Brussels,22,0
Flanders,309,2
Wallonia,49,1
Brussels,188,1
Flanders,672,2
Wallonia,170,0
Brussels,170,0
Flanders,754,2
Wallonia,188,1
Brussels,151,0
Flanders,957,2
Wallonia,376,1
Brussels,53,1
Flanders,340,2
Wallonia,51,0
Brussels,117,0
Flanders,532,2
Wallonia,125,1
Brussels,60,0
Flanders,408,2
Wallonia,174,1
Brussels,31,0
Flanders,191,2
Wallonia,69,1
Brussels,96,0
Flanders,599,2
Wallonia,150,1
Brussels,68,0
Flanders,385,2
Wallonia,193,1
Brussels,149,1
Flanders,524,2
Wallonia,143,0
Brussels,24,0
Flanders,378,2
Wallonia,74,1
Brussels,110,1
Flanders,233,2
Wallonia,97,0
Brussels,28,0
Flanders,182,2
Wallonia,34,1
Brussels,17,0
Flanders,116,2
Wallonia,37,1
Brussels,42,1
Flanders,139,2
Wallonia,35,0
Brussels,119,1
Flanders,327,2
Wallonia,106,0
Brussels,34,0
Flanders,258,2
Wallonia,87,1
Brussels,128,1
Flanders,313,2
Wallonia,96,0
Brussels,99,1
Flanders,295,2
Wallonia,79,0
Brussels,20,0
Flanders,145,2
Wallonia,37,1
Brussels,60,1
Flanders,83,2
Wallonia,34,0
Brussels,46,0
Flanders,184,2
Wallonia,100,1
Brussels,85,0
Flanders,235,2
Wallonia,88,1
Brussels,95,1
Flanders,163,2
Wallonia,62,0
Brussels,55,0
Flanders,230,2
Wallonia,77,1
Brussels,59,0
Flanders,127,2
Wallonia,104,1
Brussels,21,0
Flanders,35,2
Wallonia,34,1
Brussels,10,1
Flanders,50,2
Wallonia,7,0
Brussels,62,1
Flanders,158,2
Wallonia,47,0
Brussels,43,0
Flanders,132,2
Wallonia,93,1
Brussels,37,1
Flanders,233,2
Wallonia,21,0
Brussels,78,1
Flanders,122,2
Wallonia,73,0
Brussels,63,1
Flanders,214,2
Wallonia,43,0
Brussels,7,0
Flanders,59,1
Wallonia,69,2
Flanders,38,2
Wallonia,11,0
Brussels,25,0
Flanders,179,2
Wallonia,59,1
Brussels,20,0
Flanders,100,2
Wallonia,84,1
Brussels,22,0
Flanders,175,2
Wallonia,42,1
Brussels,33,0
Flanders,125,2
Wallonia,37,1
Brussels,83,1
Flanders,113,2
Wallonia,74,0
Brussels,13,0
Flanders,49,2
Wallonia,33,1
Flanders,51,2
Wallonia,4,0
Brussels,94,1
Flanders,156,2
Wallonia,23,0
Brussels,23,0
Flanders,165,2
Wallonia,31,1
Brussels,22,1
Flanders,184,2
Wallonia,17,0
Brussels,46,1
Flanders,122,2
Wallonia,26,0
Brussels,17,0
Flanders,77,2
Wallonia,40,1
Brussels,6,0
Flanders,70,1
Wallonia,73,2
Brussels,1,0
Flanders,43,2
Wallonia,2,1
Brussels,34,1
Flanders,125,2
Wallonia,27,0
Brussels,8,0
Flanders,190,2
Wallonia,47,1
Brussels,37,1
Flanders,161,2
Wallonia,22,0
Brussels,28,1
Flanders,162,2
Wallonia,23,0
Brussels,29,1
Flanders,112,2
Wallonia,25,0
Brussels,6,0
Flanders,109,2
Wallonia,22,1
Brussels,12,1
Flanders,76,2
Wallonia,7,0
Brussels,37,0
Flanders,233,2
Wallonia,52,1
Brussels,69,0
Flanders,195,2
Wallonia,147,1
Brussels,47,0
Flanders,236,2
Wallonia,88,1
Brussels,34,0
Flanders,281,2
Wallonia,67,1
Brussels,45,0
Flanders,296,2
Wallonia,73,1
Brussels,17,0
Flanders,332,2
Wallonia,44,1
Brussels,4,0
Flanders,150,2
Wallonia,28,1
Brussels,60,0
Flanders,478,2
Wallonia,92,1
Brussels,16,0
Flanders,224,2
Wallonia,19,1
Brussels,68,0
Flanders,635,2
Wallonia,166,1
Brussels,111,0
Flanders,690,2
Wallonia,116,1
Brussels,107,0
Flanders,677,2
Wallonia,177,1
Brussels,54,0
Flanders,426,2
Wallonia,78,1
Brussels,10,0
Flanders,295,2
Wallonia,31,1
Brussels,84,0
Flanders,813,2
Wallonia,133,1
Brussels,222,0
Flanders,869,2
Wallonia,238,1
Brussels,261,1
Flanders,629,2
Wallonia,252,0
Brussels,185,0
Flanders,720,2
Wallonia,259,1
Brussels,99,0
Flanders,642,2
Wallonia,251,1
Brussels,70,0
Flanders,379,2
Wallonia,223,1
Brussels,53,0
Flanders,301,2
Wallonia,142,1
Brussels,268,1
Flanders,777,2
Wallonia,244,0
Brussels,272,1
Flanders,611,2
Wallonia,240,0
Brussels,394,1
Flanders,861,2
Wallonia,314,0
Brussels,210,0
Flanders,802,2
Wallonia,324,1
Brussels,295,1
Flanders,774,2
Wallonia,244,0
Brussels,230,1
Flanders,440,2
Wallonia,153,0
Brussels,74,1
Flanders,174,2
Wallonia,67,0
Brussels,363,1
Flanders,966,2
Wallonia,265,0
Brussels,330,0
Flanders,784,2
Wallonia,406,1
Brussels,357,1
Flanders,590,2
Wallonia,240,0
Brussels,340,1
Flanders,796,2
Wallonia,304,0
Brussels,308,1
Flanders,517,2
Wallonia,278,0
Brussels,123,0
Flanders,384,2
Wallonia,147,1
Brussels,140,1
Flanders,225,2
Wallonia,65,0
Brussels,210,1
Flanders,615,2
Wallonia,198,0
Brussels,507,2
Flanders,465,1
Wallonia,305,0
Brussels,457,1
Flanders,524,2
Wallonia,228,0
Brussels,339,1
Flanders,530,2
Wallonia,180,0
Brussels,314,1
Flanders,517,2
Wallonia,158,0
Brussels,98,0
Flanders,250,2
Wallonia,106,1
Brussels,66,1
Flanders,122,2
Wallonia,50,0
Brussels,188,0
Flanders,427,2
Wallonia,227,1
Brussels,214,1
Flanders,350,2
Wallonia,128,0
Brussels,323,1
Flanders,358,2
Wallonia,145,0
Brussels,276,1
Flanders,298,2
Wallonia,265,0
Brussels,254,0
Flanders,368,2
Wallonia,260,1
Brussels,91,1
Flanders,140,2
Wallonia,59,0
Brussels,53,1
Flanders,162,2
Wallonia,35,0
Brussels,169,0
Flanders,531,2
Wallonia,192,1
Brussels,263,1
Flanders,514,2
Wallonia,195,0
Brussels,330,1
Flanders,433,2
Wallonia,193,0
Brussels,228,1
Flanders,456,2
Wallonia,177,0
Brussels,281,1
Flanders,518,2
Wallonia,261,0
Brussels,133,0
Flanders,244,2
Wallonia,138,1
Brussels,97,1
Flanders,183,2
Wallonia,53,0
Brussels,511,1
Flanders,591,2
Wallonia,281,0
Brussels,484,1
Flanders,675,2
Wallonia,384,0
Brussels,283,0
Flanders,682,2
Wallonia,425,1
Brussels,336,0
Flanders,856,2
Wallonia,435,1
Brussels,522,1
Flanders,778,2
Wallonia,473,0
Brussels,253,0
Flanders,489,2
Wallonia,391,1
Brussels,239,1
Flanders,378,2
Wallonia,160,0
Brussels,581,0
Flanders,1108,2
Wallonia,631,1
Brussels,628,0
Flanders,996,2
Wallonia,863,1
Brussels,780,0
Flanders,1113,2
Wallonia,851,1
Brussels,721,0
Flanders,1037,2
Wallonia,826,1
Brussels,577,0
Flanders,1357,2
Wallonia,777,1
Brussels,384,0
Flanders,920,2
Wallonia,582,1
Brussels,201,0
Flanders,494,1
Wallonia,513,2
Brussels,1051,1
Flanders,1298,2
Wallonia,930,0
Brussels,866,0
Flanders,1473,2
Wallonia,1080,1
Brussels,928,0
Flanders,1286,2
Wallonia,1162,1
Brussels,814,0
Flanders,1857,2
Wallonia,827,1
Brussels,741,0
Flanders,1362,2
Wallonia,836,1
Brussels,503,0
Flanders,729,1
Wallonia,759,2
Brussels,453,1
Flanders,579,2
Wallonia,379,0
Brussels,1078,0
Flanders,1694,2
Wallonia,1406,1
Brussels,1316,0
Flanders,1649,1
Wallonia,1701,2
Brussels,1395,0
Flanders,1857,2
Wallonia,1613,1
Brussels,1403,0
Flanders,1751,1
Wallonia,1879,2
Brussels,1045,0
Flanders,1817,1
Wallonia,2225,2
Brussels,702,0
Flanders,1093,1
Wallonia,1357,2
Brussels,448,0
Flanders,963,1
Wallonia,1248,2
Brussels,1606,0
Flanders,2607,1
Wallonia,2748,2
Brussels,1673,0
Flanders,2778,1
Wallonia,3378,2
Brussels,2064,0
Flanders,3328,1
Wallonia,4227,2
Brussels,1988,0
Flanders,3049,1
Wallonia,4098,2
Brussels,2027,0
Flanders,3719,1
Wallonia,5016,2
Brussels,1117,0
Flanders,2299,1
Wallonia,4060,2
Brussels,695,0
Flanders,1840,1
Wallonia,2518,2
Brussels,2153,0
Flanders,5173,1
Wallonia,5924,2
Brussels,2954,0
Flanders,5504,1
Wallonia,8551,2
Brussels,2979,0
Flanders,5843,1
Wallonia,8806,2
Brussels,2986,0
Flanders,5907,1
Wallonia,8751,2
Brussels,2959,0
Flanders,6454,1
Wallonia,9147,2
Brussels,2195,0
Flanders,4852,1
Wallonia,8218,2
Brussels,1279,0
Flanders,3348,1
Wallonia,5007,2
Brussels,4005,0
Flanders,8344,1
Wallonia,8704,2
Brussels,4901,0
Flanders,9595,1
Wallonia,13280,2
Brussels,3998,0
Flanders,9399,1
Wallonia,12708,2
Brussels,4779,0
Flanders,9963,1
Wallonia,13042,2
Brussels,4822,0
Flanders,11184,1
Wallonia,14929,2
Brussels,3460,0
Flanders,8529,1
Wallonia,11588,2
Brussels,2283,0
Flanders,5830,1
Wallonia,7139,2
Brussels,3423,0
Flanders,13329,1
Wallonia,13685,2
Brussels,4977,0
Flanders,13408,1
Wallonia,17622,2
Brussels,4458,0
Flanders,11315,1
Wallonia,17098,2
Brussels,3864,0
Flanders,10770,1
Wallonia,13944,2
Brussels,3786,0
Flanders,11547,1
Wallonia,14803,2
Brussels,2949,0
Flanders,8305,1
Wallonia,9032,2
Brussels,1456,0
Flanders,6444,2
Wallonia,6034,1
Brussels,2884,0
Flanders,11263,1
Wallonia,11646,2
Brussels,3414,0
Flanders,12075,1
Wallonia,14356,2
Brussels,2897,0
Flanders,9169,1
Wallonia,10435,2
Brussels,2405,0
Flanders,7815,1
Wallonia,8768,2
Brussels,1970,0
Flanders,8046,1
Wallonia,8512,2
Brussels,1824,0
Flanders,5476,1
Wallonia,5740,2
Brussels,930,0
Flanders,4361,2
Wallonia,3874,1
Brussels,2120,0
Flanders,8021,2
Wallonia,7160,1
Brussels,2549,0
Flanders,8763,2
Wallonia,8470,1
Brussels,1530,0
Flanders,5743,2
Wallonia,5454,1
Brussels,1893,0
Flanders,6330,2
Wallonia,6298,1
Brussels,1909,0
Flanders,6796,1
Wallonia,7340,2
Brussels,1602,0
Flanders,5073,2
Wallonia,4675,1
Brussels,730,0
Flanders,3609,2
Wallonia,2265,1
Brussels,1191,0
Flanders,5906,2
Wallonia,4260,1
Brussels,1397,0
Flanders,5234,1
Wallonia,5567,2
Brussels,1256,0
Flanders,5168,2
Wallonia,4267,1
Brussels,1305,0
Flanders,4920,2
Wallonia,3907,1
Brussels,1193,0
Flanders,4608,2
Wallonia,3525,1
Brussels,906,0
Flanders,3150,2
Wallonia,2122,1
Brussels,389,0
Flanders,2279,2
Wallonia,1406,1
Brussels,893,0
Flanders,4295,2
Wallonia,2906,1
Brussels,1099,0
Flanders,4961,2
Wallonia,2781,1
Brussels,1076,0
Flanders,4214,2
Wallonia,2874,1
Brussels,830,0
Flanders,3747,2
Wallonia,2819,1
Brussels,656,0
Flanders,3934,2
Wallonia,2686,1
Brussels,605,0
Flanders,3312,2
Wallonia,1428,1
Brussels,294,0
Flanders,2140,2
Wallonia,652,1
Brussels,725,0
Flanders,3224,2
Wallonia,1708,1
Brussels,740,0
Flanders,3770,2
Wallonia,2232,1
Brussels,877,0
Flanders,3978,2
Wallonia,2404,1
Brussels,626,0
Flanders,3338,2
Wallonia,2257,1
Brussels,808,0
Flanders,3679,2
Wallonia,2358,1
Brussels,439,0
Flanders,3107,2
Wallonia,1668,1
Brussels,245,0
Flanders,2149,2
Wallonia,796,1
Brussels,537,0
Flanders,3793,2
Wallonia,1906,1
Brussels,714,0
Flanders,3604,2
Wallonia,2617,1
Brussels,568,0
Flanders,3659,2
Wallonia,2152,1
Brussels,836,0
Flanders,3716,2
Wallonia,2108,1
Brussels,484,0
Flanders,3852,2
Wallonia,2111,1
Brussels,428,0
Flanders,3195,2
Wallonia,1455,1
Brussels,318,0
Flanders,2756,2
Wallonia,1020,1
Brussels,538,0
Flanders,3788,2
Wallonia,1899,1
Brussels,666,0
Flanders,4984,2
Wallonia,1992,1
Brussels,603,0
Flanders,3777,2
Wallonia,2281,1
Brussels,860,0
Flanders,3838,2
Wallonia,2120,1
Brussels,579,0
Flanders,3911,2
Wallonia,2193,1
Brussels,504,0
Flanders,2839,2
Wallonia,1854,1
Brussels,215,0
Flanders,2139,2
Wallonia,517,1
Brussels,573,0
Flanders,3702,2
Wallonia,1715,1
Brussels,621,0
Flanders,4053,2
Wallonia,2151,1
Brussels,446,0
Flanders,3947,2
Wallonia,1645,1
Brussels,406,0
Flanders,3659,2
Wallonia,1773,1
Brussels,222,0
Flanders,2094,2
Wallonia,474,1
Brussels,145,0
Flanders,2087,2
Wallonia,611,1
Brussels,163,0
Flanders,2199,2
Wallonia,879,1
Brussels,586,0
Flanders,3354,2
Wallonia,1583,1
Brussels,533,0
Flanders,3764,2
Wallonia,1915,1
Brussels,442,0
Flanders,2996,2
Wallonia,1581,1
Brussels,341,0
Flanders,2666,2
Wallonia,1404,1
Brussels,203,0
Flanders,1711,2
Wallonia,847,1
Brussels,222,0
Flanders,2031,2
Wallonia,834,1
Brussels,384,0
Flanders,1878,2
Wallonia,726,1
Brussels,413,0
Flanders,3186,2
Wallonia,1394,1
Brussels,751,0
Flanders,3226,2
Wallonia,1528,1
Brussels,640,0
Flanders,2727,2
Wallonia,1648,1
Brussels,562,0
Flanders,2928,2
Wallonia,1266,1
Brussels,580,0
Flanders,2548,2
Wallonia,1453,1
Brussels,446,0
Flanders,2309,2
Wallonia,1020,1
Brussels,239,0
Flanders,1584,2
Wallonia,421,1
Brussels,501,0
Flanders,2618,2
Wallonia,1425,1
Brussels,733,0
Flanders,2723,2
Wallonia,1398,1
Brussels,589,0
Flanders,2918,2
Wallonia,1199,1
Brussels,529,0
Flanders,2617,2
Wallonia,1302,1
Brussels,480,0
Flanders,3037,2
Wallonia,1239,1
Brussels,329,0
Flanders,1961,2
Wallonia,823,1
Brussels,272,0
Flanders,1283,2
Wallonia,425,1
Brussels,589,0
Flanders,3037,2
Wallonia,1293,1
Brussels,819,0
Flanders,3477,2
Wallonia,1617,1
Brussels,397,0
Flanders,3262,2
Wallonia,1513,1
Brussels,648,0
Flanders,2960,2
Wallonia,1492,1
Brussels,675,0
Flanders,3457,2
Wallonia,1397,1
Brussels,494,0
Flanders,2479,2
Wallonia,1094,1
Brussels,232,0
Flanders,1989,2
Wallonia,441,1
Brussels,420,0
Flanders,3290,2
Wallonia,1296,1
Brussels,437,0
Flanders,3438,2
Wallonia,1757,1
Brussels,428,0
Flanders,2809,2
Wallonia,1573,1
Brussels,454,0
Flanders,3146,2
Wallonia,1570,1
Brussels,659,0
Flanders,3038,2
Wallonia,1516,1
Brussels,436,0
Flanders,2578,2
Wallonia,1081,1
Brussels,262,0
Flanders,1445,2
Wallonia,442,1
Brussels,662,0
Flanders,3250,2
Wallonia,1832,1
Brussels,500,0
Flanders,3022,2
Wallonia,1811,1
Brussels,575,0
Flanders,2975,2
Wallonia,1501,1
Brussels,664,0
Flanders,2931,2
Wallonia,1468,1
Brussels,650,0
Flanders,3120,2
Wallonia,1395,1
Brussels,392,0
Flanders,2096,2
Wallonia,999,1
Brussels,185,0
Flanders,1506,2
Wallonia,634,1
Brussels,417,0
Flanders,2282,2
Wallonia,1163,1
Brussels,676,0
Flanders,3080,2
Wallonia,1482,1
Brussels,561,0
Flanders,2609,2
Wallonia,1444,1
Brussels,455,0
Flanders,2493,2
Wallonia,1632,1
Brussels,569,0
Flanders,2744,2
Wallonia,1205,1
Brussels,311,0
Flanders,1921,2
Wallonia,841,1
Brussels,319,0
Flanders,1232,2
Wallonia,532,1
Brussels,497,0
Flanders,2716,2
Wallonia,1116,1
Brussels,627,0
Flanders,2968,2
Wallonia,1539,1
Brussels,673,0
Flanders,2848,2
Wallonia,1648,1
Brussels,646,0
Flanders,3044,2
Wallonia,1490,1
Brussels,670,0
Flanders,2865,2
Wallonia,1615,1
Brussels,559,0
Flanders,1961,2
Wallonia,1047,1
Brussels,440,0
Flanders,1283,2
Wallonia,548,1
Brussels,795,0
Flanders,3148,2
Wallonia,1550,1
Brussels,775,0
Flanders,3410,2
Wallonia,1656,1
Brussels,895,0
Flanders,2898,2
Wallonia,1784,1
Brussels,759,0
Flanders,2997,2
Wallonia,1534,1
Brussels,1118,0
Flanders,3292,2
Wallonia,2112,1
Brussels,554,0
Flanders,2410,2
Wallonia,1300,1
Brussels,509,0
Flanders,1799,2
Wallonia,509,0
Brussels,823,0
Flanders,2818,2
Wallonia,1539,1
Brussels,750,0
Flanders,3352,2
Wallonia,1960,1
Brussels,884,0
Flanders,2937,2
Wallonia,1808,1
Brussels,1020,0
Flanders,3075,2
Wallonia,1825,1
Brussels,660,0
Flanders,3056,2
Wallonia,1925,1
Brussels,543,0
Flanders,2366,2
Wallonia,1187,1
Brussels,536,0
Flanders,1647,2
Wallonia,694,1
Brussels,820,0
Flanders,3286,2
Wallonia,1660,1
Brussels,884,0
Flanders,3882,2
Wallonia,2486,1
Brussels,1009,0
Flanders,3368,2
Wallonia,1944,1
Brussels,894,0
Flanders,3395,2
Wallonia,1808,1
Brussels,1158,0
Flanders,3512,2
Wallonia,2215,1
Brussels,935,0
Flanders,2976,2
Wallonia,1884,1
Brussels,687,0
Flanders,2501,2
Wallonia,1046,1
Brussels,1165,0
Flanders,4334,2
Wallonia,2568,1
Brussels,1344,0
Flanders,4460,2
Wallonia,2744,1
Brussels,1339,0
Flanders,4807,2
Wallonia,2592,1
Brussels,1329,0
Flanders,4415,2
Wallonia,3194,1
Brussels,1196,0
Flanders,4291,2
Wallonia,3117,1
Brussels,1241,0
Flanders,3779,2
Wallonia,2330,1
Brussels,693,0
Flanders,2878,2
Wallonia,1358,1
Brussels,1344,0
Flanders,5548,2
Wallonia,3200,1
Brussels,1726,0
Flanders,5842,2
Wallonia,3862,1
Brussels,1705,0
Flanders,5282,2
Wallonia,3329,1
Brussels,1451,0
Flanders,5196,2
Wallonia,3562,1
Brussels,1302,0
Flanders,4610,2
Wallonia,3700,1
Brussels,1238,0
Flanders,4546,2
Wallonia,2721,1
Brussels,945,0
Flanders,2653,2
Wallonia,1933,1
Brussels,1372,0
Flanders,5137,2
Wallonia,3391,1
Brussels,1472,0
Flanders,5833,2
Wallonia,3977,1
Brussels,1433,0
Flanders,5459,2
Wallonia,3858,1
Brussels,1708,0
Flanders,5003,2
Wallonia,3532,1
Brussels,1465,0
Flanders,4828,2
Wallonia,4189,1
Brussels,1203,0
Flanders,3623,2
Wallonia,2680,1
Brussels,671,0
Flanders,2276,2
Wallonia,1682,1
Brussels,854,0
Flanders,2959,2
Wallonia,1894,1
Brussels,1042,0
Flanders,4890,2
Wallonia,3839,1
Brussels,1341,0
Flanders,5537,2
Wallonia,4161,1
Brussels,1392,0
Flanders,4454,2
Wallonia,3403,1
Brussels,1506,0
Flanders,4693,2
Wallonia,3480,1
Brussels,882,0
Flanders,3899,2
Wallonia,2309,1
Brussels,669,0
Flanders,2726,2
Wallonia,1586,1
Brussels,1158,0
Flanders,4734,2
Wallonia,3025,1
Brussels,1033,0
Flanders,4694,2
Wallonia,3540,1
Brussels,1194,0
Flanders,3829,2
Wallonia,2873,1
Brussels,1183,0
Flanders,4074,2
Wallonia,3157,1
Brussels,1441,0
Flanders,4096,2
Wallonia,3189,1
Brussels,1085,0
Flanders,3411,2
Wallonia,2311,1
Brussels,832,0
Flanders,2344,2
Wallonia,1739,1
Brussels,1356,0
Flanders,4630,2
Wallonia,3381,1
Brussels,1620,0
Flanders,5111,2
Wallonia,3408,1
Brussels,1159,0
Flanders,4421,2
Wallonia,3118,1
Brussels,1194,0
Flanders,3807,2
Wallonia,3149,1
Brussels,1063,0
Flanders,3951,2
Wallonia,2820,1
Brussels,910,0
Flanders,3036,2
Wallonia,2106,1
Brussels,741,0
Flanders,2060,2
Wallonia,1061,1
Brussels,859,0
Flanders,3611,2
Wallonia,2766,1
Brussels,1258,0
Flanders,3690,2
Wallonia,3114,1
Brussels,939,0
Flanders,3618,2
Wallonia,2881,1
Brussels,1025,0
Flanders,3504,2
Wallonia,2648,1
Brussels,915,0
Flanders,3551,2
Wallonia,2553,1
Brussels,724,0
Flanders,2215,2
Wallonia,1790,1
Brussels,561,0
Flanders,2309,2
Wallonia,1042,1
Brussels,769,0
Flanders,3847,2
Wallonia,2538,1
Brussels,939,0
Flanders,3692,2
Wallonia,2478,1
Brussels,793,0
Flanders,3364,2
Wallonia,2457,1
Brussels,861,0
Flanders,2949,2
Wallonia,2360,1
Brussels,539,0
Flanders,3249,2
Wallonia,2499,1
Brussels,680,0
Flanders,2292,2
Wallonia,1663,1
Brussels,500,0
Flanders,1711,2
Wallonia,1342,1
Brussels,445,0
Flanders,3305,2
Wallonia,2069,1
Brussels,657,0
Flanders,3303,2
Wallonia,2106,1
Brussels,505,0
Flanders,2715,2
Wallonia,2334,1
Brussels,344,0
Flanders,1900,2
Wallonia,1083,1
Brussels,506,0
Flanders,2304,2
Wallonia,1593,1
Brussels,665,0
Flanders,1976,2
Wallonia,1512,1
Brussels,414,0
Flanders,1283,2
Wallonia,677,1
Brussels,728,0
Flanders,2735,2
Wallonia,1902,1
Brussels,656,0
Flanders,2608,2
Wallonia,2307,1
Brussels,824,0
Flanders,3039,2
Wallonia,1835,1
Brussels,344,0
Flanders,2272,2
Wallonia,1976,1
Brussels,691,0
Flanders,2178,2
Wallonia,1851,1
Brussels,436,0
Flanders,1576,2
Wallonia,1470,1
Brussels,274,0
Flanders,1106,2
Wallonia,712,1
Brussels,383,0
Flanders,1085,2
Wallonia,649,1
Brussels,648,0
Flanders,2148,2
Wallonia,1583,1
Brussels,493,0
Flanders,2204,2
Wallonia,1771,1
Brussels,553,0
Flanders,1712,2
Wallonia,1541,1
Brussels,414,0
Flanders,1620,2
Wallonia,1426,1
Brussels,340,0
Flanders,1179,2
Wallonia,1096,1
Brussels,256,0
Flanders,833,2
Wallonia,525,1
Brussels,385,0
Flanders,1533,2
Wallonia,1073,1
Brussels,335,0
Flanders,1740,2
Wallonia,1180,1
Brussels,442,0
Flanders,1601,2
Wallonia,854,1
Brussels,377,0
Flanders,1236,2
Wallonia,1212,1
Brussels,470,0
Flanders,1148,2
Wallonia,1024,1
Brussels,241,0
Flanders,917,2
Wallonia,725,1
Brussels,197,0
Flanders,525,2
Wallonia,337,1
Brussels,379,0
Flanders,880,2
Wallonia,650,1
Brussels,510,0
Flanders,888,2
Wallonia,887,1
Brussels,281,0
Flanders,885,2
Wallonia,746,1
Brussels,336,0
Flanders,631,2
Wallonia,575,1
Brussels,250,0
Flanders,835,2
Wallonia,436,1
Brussels,227,0
Flanders,456,2
Wallonia,308,1
Brussels,98,0
Flanders,265,2
Wallonia,100,1
Brussels,183,0
Flanders,668,2
Wallonia,480,1
Brussels,197,0
Flanders,477,1
Wallonia,535,2
Brussels,133,0
Flanders,359,2
Wallonia,293,1
Brussels,243,0
Flanders,377,2
Wallonia,275,1
Brussels,176,0
Flanders,435,2
Wallonia,222,1
Brussels,159,0
Flanders,253,1
Wallonia,274,2
Brussels,73,0
Flanders,195,2
Wallonia,122,1
Brussels,197,0
Flanders,489,2
Wallonia,210,1
Brussels,161,1
Flanders,387,2
Wallonia,129,0
Brussels,172,0
Flanders,337,2
Wallonia,282,1
Brussels,171,0
Flanders,281,1
Wallonia,290,2
Brussels,95,0
Flanders,362,2
Wallonia,114,1
Brussels,114,0
Flanders,200,2
Wallonia,200,2
Brussels,88,1
Flanders,147,2
Wallonia,58,0
Brussels,144,0
Flanders,405,2
Wallonia,258,1
Brussels,146,0
Flanders,433,2
Wallonia,183,1
Brussels,166,0
Flanders,409,2
Wallonia,226,1
Brussels,128,0
Flanders,437,2
Wallonia,189,1
Brussels,166,0
Flanders,530,2
Wallonia,292,1
Brussels,173,0
Flanders,338,2
Wallonia,203,1
Brussels,89,0
Flanders,295,2
Wallonia,101,1
Brussels,178,0
Flanders,669,2
Wallonia,279,1
Brussels,268,0
Flanders,770,2
Wallonia,341,1
Brussels,375,1
Flanders,870,2
Wallonia,341,0
Brussels,212,0
Flanders,808,2
Wallonia,289,1
Brussels,236,0
Flanders,976,2
Wallonia,370,1
Brussels,185,0
Flanders,824,2
Wallonia,205,1
Brussels,231,1
Flanders,542,2
Wallonia,131,0
Brussels,319,0
Flanders,1274,2
Wallonia,353,1
Brussels,364,0
Flanders,1056,2
Wallonia,430,1
Brussels,307,0
Flanders,1022,2
Wallonia,445,1
Brussels,370,0
Flanders,1048,2
Wallonia,383,1
Brussels,372,0
Flanders,1104,2
Wallonia,484,1
Brussels,333,1
Flanders,848,2
Wallonia,332,0
Brussels,251,1
Flanders,669,2
Wallonia,132,0
Brussels,450,0
Flanders,1535,2
Wallonia,550,1
Brussels,437,0
Flanders,1381,2
Wallonia,595,1
Brussels,200,1
Flanders,790,2
Wallonia,189,0
Brussels,493,0
Flanders,1291,2
Wallonia,555,1
Brussels,364,0
Flanders,1216,2
Wallonia,490,1
Brussels,427,1
Flanders,907,2
Wallonia,330,0
Brussels,261,1
Flanders,740,2
Wallonia,158,0
Brussels,485,0
Flanders,1468,2
Wallonia,543,1
Brussels,482,0
Flanders,1243,2
Wallonia,537,1
Brussels,531,1
Flanders,1366,2
Wallonia,524,0
Brussels,616,1
Flanders,1227,2
Wallonia,535,0
Brussels,476,0
Flanders,1175,2
Wallonia,552,1
Brussels,410,0
Flanders,957,2
Wallonia,419,1
Brussels,370,1
Flanders,1000,2
Wallonia,219,0
Brussels,541,0
Flanders,1669,2
Wallonia,715,1
Brussels,493,0
Flanders,1441,2
Wallonia,749,1
Brussels,579,0
Flanders,1231,2
Wallonia,702,1
Brussels,599,1
Flanders,1337,2
Wallonia,555,0
Brussels,651,0
Flanders,1487,2
Wallonia,705,1
Brussels,593,1
Flanders,994,2
Wallonia,488,0
Brussels,459,1
Flanders,879,2
Wallonia,248,0
Brussels,851,1
Flanders,1750,2
Wallonia,848,0
Brussels,810,0
Flanders,1564,2
Wallonia,996,1
Brussels,687,0
Flanders,1200,2
Wallonia,847,1
Brussels,642,0
Flanders,1417,2
Wallonia,1056,1
Brussels,851,0
Flanders,1524,2
Wallonia,1028,1
Brussels,627,1
Flanders,971,2
Wallonia,597,0
Brussels,502,1
Flanders,574,2
Wallonia,354,0
Brussels,869,0
Flanders,1811,2
Wallonia,986,1
Brussels,944,0
Flanders,1724,2
Wallonia,1012,1
Brussels,848,0
Flanders,1662,2
Wallonia,928,1
Brussels,742,0
Flanders,1313,2
Wallonia,975,1
Brussels,806,0
Flanders,1368,2
Wallonia,909,1
Brussels,669,1
Flanders,1041,2
Wallonia,520,0
Brussels,574,1
Flanders,768,2
Wallonia,297,0
Brussels,789,0
Flanders,1649,2
Wallonia,1220,1
Brussels,845,0
Flanders,1825,2
Wallonia,1062,1
Brussels,871,1
Flanders,1703,2
Wallonia,850,0
Brussels,944,0
Flanders,1318,2
Wallonia,946,1
Brussels,850,0
Flanders,1470,2
Wallonia,887,1
Brussels,678,0
Flanders,940,2
Wallonia,878,1
Brussels,477,1
Flanders,633,2
Wallonia,459,0
Brussels,904,0
Flanders,1796,2
Wallonia,1212,1
Brussels,1019,0
Flanders,1493,2
Wallonia,1303,1
Brussels,1055,1
Flanders,1359,2
Wallonia,1050,0
Brussels,919,0
Flanders,1436,2
Wallonia,1122,1
Brussels,722,0
Flanders,1361,2
Wallonia,1174,1
Brussels,765,1
Flanders,1013,2
Wallonia,706,0
Brussels,593,1
Flanders,625,2
Wallonia,478,0
Brussels,1041,0
Flanders,1394,1
Wallonia,1547,2
Brussels,1133,0
Flanders,1280,1
Wallonia,1419,2
Brussels,1033,0
Flanders,1199,2
Wallonia,1123,1
Brussels,874,0
Flanders,1246,2
Wallonia,1105,1
Brussels,828,0
Flanders,1318,2
Wallonia,1260,1
Brussels,570,0
Flanders,704,1
Wallonia,754,2
Brussels,416,1
Flanders,540,2
Wallonia,349,0
Brussels,933,0
Flanders,1581,2
Wallonia,1369,1
Brussels,1066,0
Flanders,1259,1
Wallonia,1490,2
Brussels,684,0
Flanders,1300,1
Wallonia,1372,2
Brussels,1077,0
Flanders,1352,1
Wallonia,1355,2
Brussels,809,0
Flanders,1212,1
Wallonia,1374,2
Brussels,462,0
Flanders,925,2
Wallonia,852,1
Brussels,311,0
Flanders,572,2
Wallonia,411,1
Brussels,932,0
Flanders,1478,2
Wallonia,1332,1
Brussels,783,0
Flanders,1110,1
Wallonia,1462,2
Brussels,719,0
Flanders,1236,1
Wallonia,1271,2
Brussels,695,0
Flanders,1204,1
Wallonia,1330,2
Brussels,639,0
Flanders,912,1
Wallonia,1247,2
Brussels,526,0
Flanders,748,1
Wallonia,797,2
Brussels,463,1
Flanders,473,2
Wallonia,407,0
Brussels,740,0
Flanders,1285,1
Wallonia,1584,2
Brussels,796,0
Flanders,1345,1
Wallonia,1527,2
Brussels,645,0
Flanders,1471,2
Wallonia,1225,1
Brussels,777,0
Flanders,1194,1
Wallonia,1360,2
Brussels,664,0
Flanders,1288,1
Wallonia,1337,2
Brussels,617,0
Flanders,826,2
Wallonia,701,1
Brussels,585,2
Flanders,485,1
Wallonia,284,0
Brussels,627,0
Flanders,1328,1
Wallonia,1585,2
Brussels,770,0
Flanders,1389,1
Wallonia,1533,2
Brussels,722,0
Flanders,1505,2
Wallonia,1423,1
Brussels,636,0
Flanders,1431,2
Wallonia,1407,1
Brussels,565,0
Flanders,1610,2
Wallonia,1510,1
Brussels,502,0
Flanders,915,1
Wallonia,928,2
Brussels,390,1
Flanders,753,2
Wallonia,330,0
Brussels,768,0
Flanders,2220,2
Wallonia,1823,1
Brussels,766,0
Flanders,2261,2
Wallonia,1681,1
Brussels,820,0
Flanders,2267,2
Wallonia,1838,1
Brussels,825,0
Flanders,2414,2
Wallonia,2056,1
Brussels,789,0
Flanders,2434,2
Wallonia,2046,1
Brussels,674,0
Flanders,1837,2
Wallonia,1577,1
Brussels,423,0
Flanders,1316,2
Wallonia,795,1
Brussels,1101,0
Flanders,4171,2
Wallonia,2828,1
Brussels,946,0
Flanders,4284,2
Wallonia,3086,1
Brussels,1259,0
Flanders,4804,2
Wallonia,2961,1
Brussels,1242,0
Flanders,4665,2
Wallonia,3259,1
Brussels,1142,0
Flanders,4968,2
Wallonia,3442,1
Brussels,973,0
Flanders,3110,2
Wallonia,2131,1
Brussels,751,0
Flanders,2362,2
Wallonia,1029,1
Brussels,1265,0
Flanders,6591,2
Wallonia,4166,1
Brussels,1337,0
Flanders,6684,2
Wallonia,4345,1
Brussels,1357,0
Flanders,6710,2
Wallonia,4175,1
Brussels,1097,0
Flanders,6693,2
Wallonia,4279,1
Brussels,1402,0
Flanders,7004,2
Wallonia,4366,1
Brussels,923,0
Flanders,4644,2
Wallonia,2940,1
Brussels,506,0
Flanders,3219,2
Wallonia,1402,1
Brussels,695,0
Flanders,3963,2
Wallonia,1243,1
Brussels,1258,0
Flanders,8550,2
Wallonia,5118,1
Brussels,1314,0
Flanders,9096,2
Wallonia,4822,1
Brussels,1132,0
Flanders,8334,2
Wallonia,4568,1
Brussels,1171,0
Flanders,8986,2
Wallonia,4382,1
Brussels,1202,0
Flanders,5629,2
Wallonia,2913,1
Brussels,796,0
Flanders,4724,2
Wallonia,1345,1
Brussels,1471,0
Flanders,11667,2
Wallonia,5407,1
Brussels,1483,0
Flanders,11051,2
Wallonia,5406,1
Brussels,1560,0
Flanders,11280,2
Wallonia,5481,1
Brussels,905,0
Flanders,5939,2
Wallonia,2453,1
Brussels,1171,0
Flanders,10698,2
Wallonia,5231,1
Brussels,1056,0
Flanders,8510,2
Wallonia,4136,1
Brussels,854,0
Flanders,6486,2
Wallonia,2042,1
Brussels,1755,0
Flanders,16328,2
Wallonia,6647,1
Brussels,1820,0
Flanders,15206,2
Wallonia,6861,1
Brussels,1606,0
Flanders,15762,2
Wallonia,6917,1
Brussels,1690,0
Flanders,16199,2
Wallonia,6295,1
Brussels,1771,0
Flanders,16928,2
Wallonia,6375,1
Brussels,1361,0
Flanders,11201,2
Wallonia,4159,1
Brussels,1120,0
Flanders,8379,2
Wallonia,2050,1
Brussels,1994,0
Flanders,20931,2
Wallonia,7243,1
Brussels,2226,0
Flanders,18586,2
Wallonia,7328,1
Brussels,1848,0
Flanders,17974,2
Wallonia,6891,1
Brussels,1797,0
Flanders,18076,2
Wallonia,7057,1
Brussels,1898,0
Flanders,17683,2
Wallonia,6671,1
Brussels,1684,0
Flanders,11216,2
Wallonia,4804,1
Brussels,1179,0
Flanders,8270,2
Wallonia,2139,1
Brussels,2179,0
Flanders,20420,2
Wallonia,7793,1
Brussels,2139,0
Flanders,17812,2
Wallonia,8241,1
Brussels,2357,0
Flanders,16603,2
Wallonia,7389,1
Brussels,2063,0
Flanders,15480,2
Wallonia,6909,1
Brussels,1988,0
Flanders,14266,2
Wallonia,7159,1
Brussels,1679,0
Flanders,9837,2
Wallonia,4018,1
Brussels,1217,0
Flanders,6746,2
Wallonia,2101,1
Brussels,2071,0
Flanders,15545,2
Wallonia,6942,1
Brussels,2133,0
Flanders,12859,2
Wallonia,7090,1
Brussels,1908,0
Flanders,12212,2
Wallonia,6626,1
Brussels,1929,0
Flanders,11062,2
Wallonia,6285,1
Brussels,1878,0
Flanders,10438,2
Wallonia,6358,1
Brussels,1465,0
Flanders,6485,2
Wallonia,4115,1
Brussels,894,0
Flanders,4683,2
Wallonia,1954,1
Brussels,1766,0
Flanders,9830,2
Wallonia,5801,1
Brussels,2105,0
Flanders,8345,2
Wallonia,5598,1
Brussels,1685,0
Flanders,7508,2
Wallonia,4421,1
Brussels,1395,0
Flanders,6242,2
Wallonia,3849,1
Brussels,1466,0
Flanders,6175,2
Wallonia,3394,1
Brussels,1349,0
Flanders,4111,2
Wallonia,2455,1
Brussels,909,0
Flanders,2856,2
Wallonia,1348,1
Brussels,1592,0
Flanders,5970,2
Wallonia,4058,1
Brussels,1585,0
Flanders,5463,2
Wallonia,3398,1
Brussels,1759,0
Flanders,5316,2
Wallonia,3397,1
Brussels,1706,0
Flanders,4932,2
Wallonia,3481,1
Brussels,1403,0
Flanders,4430,2
Wallonia,2833,1
Brussels,1146,0
Flanders,2687,2
Wallonia,1239,1
Brussels,1259,0
Flanders,3436,2
Wallonia,1635,1
Brussels,2377,0
Flanders,7610,2
Wallonia,4694,1
Brussels,2652,0
Flanders,7809,2
Wallonia,5326,1
Brussels,3070,0
Flanders,8680,2
Wallonia,5788,1
Brussels,3319,0
Flanders,9242,2
Wallonia,6261,1
Brussels,2708,0
Flanders,7103,2
Wallonia,5337,1
Brussels,1396,0
Flanders,3886,2
Wallonia,1523,1
Brussels,2781,1
Flanders,6284,2
Wallonia,2517,0
Brussels,4612,0
Flanders,16217,2
Wallonia,9034,1
Brussels,5601,0
Flanders,16228,2
Wallonia,10011,1
Brussels,5176,0
Flanders,14831,2
Wallonia,9299,1
Brussels,4827,0
Flanders,13504,2
Wallonia,8275,1
Brussels,4620,0
Flanders,14011,2
Wallonia,8301,1
Brussels,3789,0
Flanders,9350,2
Wallonia,5624,1
Brussels,3106,1
Flanders,8079,2
Wallonia,2828,0
Brussels,5698,0
Flanders,22461,2
Wallonia,11649,1
Brussels,5725,0
Flanders,18948,2
Wallonia,10416,1
Brussels,5528,0
Flanders,19571,2
Wallonia,9721,1
Brussels,5200,0
Flanders,18607,2
Wallonia,9563,1
Brussels,5360,0
Flanders,20367,2
Wallonia,10190,1
Brussels,4052,0
Flanders,14865,2
Wallonia,7068,1
Brussels,2816,0
Flanders,11682,2
Wallonia,3373,1
Brussels,6734,0
Flanders,40794,2
Wallonia,17940,1
Brussels,7886,0
Flanders,38146,2
Wallonia,19801,1
Brussels,7797,0
Flanders,38245,2
Wallonia,20301,1
Brussels,7285,0
Flanders,37095,2
Wallonia,19081,1
Brussels,6871,0
Flanders,35444,2
Wallonia,20266,1
Brussels,4875,0
Flanders,22074,2
Wallonia,11699,1
Brussels,3481,0
Flanders,17048,2
Wallonia,5505,1
Brussels,7651,0
Flanders,47905,2
Wallonia,25637,1
Brussels,6878,0
Flanders,38779,2
Wallonia,24313,1
Brussels,6113,0
Flanders,34115,2
Wallonia,20798,1
Brussels,5387,0
Flanders,31091,2
Wallonia,18673,1
Brussels,4786,0
Flanders,27600,2
Wallonia,16807,1
Brussels,3190,0
Flanders,16366,2
Wallonia,10521,1
Brussels,2235,0
Flanders,11580,2
Wallonia,4484,1
Brussels,4682,0
Flanders,32343,2
Wallonia,19080,1
Brussels,4088,0
Flanders,24323,2
Wallonia,16327,1
Brussels,3544,0
Flanders,20685,2
Wallonia,13468,1
Brussels,3114,0
Flanders,18682,2
Wallonia,11520,1
Brussels,2766,0
Flanders,15922,2
Wallonia,10096,1
Brussels,1912,0
Flanders,10022,2
Wallonia,6415,1
Brussels,1418,0
Flanders,8250,2
Wallonia,3159,1
Brussels,2813,0
Flanders,19257,2
Wallonia,10783,1
Brussels,2092,0
Flanders,14103,2
Wallonia,8948,1
Brussels,1987,0
Flanders,12952,2
Wallonia,7478,1
Brussels,1635,0
Flanders,11359,2
Wallonia,6221,1
Brussels,1891,0
Flanders,10478,2
Wallonia,6064,1
Brussels,1269,0
Flanders,7164,2
Wallonia,3815,1
Brussels,708,0
Flanders,5888,2
Wallonia,2118,1
Brussels,1306,0
Flanders,12698,2
Wallonia,5404,1
Brussels,1346,0
Flanders,10793,2
Wallonia,5248,1
Brussels,1373,0
Flanders,9205,2
Wallonia,4671,1
Brussels,1080,0
Flanders,8361,2
Wallonia,3936,1
Brussels,1006,0
Flanders,7018,2
Wallonia,3523,1
Brussels,660,0
Flanders,5268,2
Wallonia,2481,1
Brussels,392,0
Flanders,4058,2
Wallonia,1286,1
Brussels,891,0
Flanders,9489,2
Wallonia,3612,1
Brussels,825,0
Flanders,8154,2
Wallonia,2742,1
Brussels,882,0
Flanders,7517,2
Wallonia,2791,1
Brussels,720,0
Flanders,6660,2
Wallonia,2476,1
Brussels,529,0
Flanders,5949,2
Wallonia,2194,1
Brussels,398,0
Flanders,3763,2
Wallonia,1390,1
Brussels,404,0
Flanders,2718,2
Wallonia,816,1
Brussels,705,0
Flanders,7679,2
Wallonia,2039,1
Brussels,778,0
Flanders,6883,2
Wallonia,2251,1
Brussels,900,0
Flanders,7725,2
Wallonia,2183,1
Brussels,587,0
Flanders,7315,2
Wallonia,2006,1
Brussels,850,0
Flanders,7086,2
Wallonia,1877,1
Brussels,512,0
Flanders,4885,2
Wallonia,1180,1
Brussels,358,0
Flanders,4652,2
Wallonia,815,1
Brussels,791,0
Flanders,11491,2
Wallonia,2206,1
Brussels,836,0
Flanders,9666,2
Wallonia,1974,1
Brussels,720,0
Flanders,9789,2
Wallonia,1909,1
Brussels,730,0
Flanders,9112,2
Wallonia,1683,1
Brussels,606,0
Flanders,9360,2
Wallonia,1662,1
Brussels,618,0
Flanders,6245,2
Wallonia,1327,1
Brussels,291,0
Flanders,5024,2
Wallonia,611,1
Brussels,1098,0
Flanders,15102,2
Wallonia,2504,1
Brussels,934,0
Flanders,12795,2
Wallonia,2283,1
Brussels,1116,0
Flanders,12324,2
Wallonia,2328,1
Brussels,902,0
Flanders,11171,2
Wallonia,2228,1
Brussels,830,0
Flanders,10655,2
Wallonia,2313,1
Brussels,613,0
Flanders,6877,2
Wallonia,1222,1
Brussels,321,0
Flanders,5807,2
Wallonia,727,1
Brussels,1098,0
Flanders,16505,2
Wallonia,2948,1
Brussels,1039,0
Flanders,13865,2
Wallonia,2782,1
Brussels,949,0
Flanders,14023,2
Wallonia,2750,1
Brussels,677,0
Flanders,7909,2
Wallonia,1371,1
Flanders,295,2
Wallonia,33,0