{"metadata":{"asset_id":"5830fc81-2c69-4de0-9875-aa8324a1ec30","asset_attributes":["data_asset"],"name":"Wallonia","asset_type":"data_asset","created_at":"2022-07-21T06:43:52Z","description":"","origin_country":"us","owner_id":"1000330999","project_id":"c648735b-6901-401b-9076-6f4d656bf249","size":23426,"tags":[],"usage":{"last_update_time":1658385833214,"last_updated_at":"2022-07-21T06:43:53Z"}},"entity":{"data_asset":{"mime_type":"text/csv","dataset":true}},"attachments":[{"id":"f3cee796-dd76-4fc7-b671-8d2f4f4b542b","version":2,"asset_type":"data_asset","name":"Wallonia","mime":"text/csv","datasource_type":"81bafdbd-b7c6-45c5-a4fd-6ec135f66f4e","object_key":"data_asset/Wallonia_5i3c9oi068ntwz9vcj3ht9512","creator_id":"icp4d-dev","create_time":1658385832974,"size":23426,"is_remote":false,"is_managed":false,"is_referenced":true,"is_object_key_read_only":false,"is_user_provided_path_key":true,"transfer_complete":true,"is_partitioned":false,"complete_time_ticks":1658385832974,"user_data":{},"test_doc":0,"handle":{"key":"data_asset/Wallonia_5i3c9oi068ntwz9vcj3ht9512","upload_id":"done","max_part_num":1},"usage":{"access_count":0,"last_accessor_id":"icp4d-dev","last_access_time":1658385832974}}]}