{"metadata":{"asset_id":"4b9393a2-366f-484d-a549-156c9eb66779","asset_attributes":["data_asset"],"name":"Brussels","asset_type":"data_asset","created_at":"2022-07-21T06:43:52Z","description":"","origin_country":"us","owner_id":"1000330999","project_id":"c648735b-6901-401b-9076-6f4d656bf249","size":23059,"tags":[],"usage":{"last_update_time":1658385832969,"last_updated_at":"2022-07-21T06:43:52Z"}},"entity":{"data_asset":{"mime_type":"text/csv","dataset":true}},"attachments":[{"id":"0c687f3e-5041-4d3d-be87-61e71d605355","version":2,"asset_type":"data_asset","name":"Brussels","mime":"text/csv","datasource_type":"81bafdbd-b7c6-45c5-a4fd-6ec135f66f4e","object_key":"data_asset/Brussels_dcho1widjqk0n491km4073hl","creator_id":"icp4d-dev","create_time":1658385832877,"size":23059,"is_remote":false,"is_managed":false,"is_referenced":true,"is_object_key_read_only":false,"is_user_provided_path_key":true,"transfer_complete":true,"is_partitioned":false,"complete_time_ticks":1658385832877,"user_data":{},"test_doc":0,"handle":{"key":"data_asset/Brussels_dcho1widjqk0n491km4073hl","upload_id":"done","max_part_num":1},"usage":{"access_count":0,"last_accessor_id":"icp4d-dev","last_access_time":1658385832877}}]}