{"metadata":{"asset_id":"bf5b731e-079b-4b3b-a8ca-3ad7bcb3a931","asset_attributes":["environment"],"name":"IBM-AWS Immersion day Lab 4 Runtime","asset_type":"environment","created_at":"2022-07-21T08:13:36Z","description":"Environment for Long Short-Term Memory (LSTM) Model and Decision Tree Model.\n","origin_country":"us","owner_id":"1000330999","project_id":"c648735b-6901-401b-9076-6f4d656bf249","sandbox_id":"c648735b-6901-401b-9076-6f4d656bf249","size":0,"tags":["dsx"],"usage":{"last_update_time":1658391391399,"last_updated_at":"2022-07-21T08:16:31Z"}},"entity":{"environment":{"sub_type":"notebook","display_name":"IBM-AWS Immersion day Lab 4 Runtime","hardware_specification":{"type":"referenced","guid":"d1d423d6-1ee5-42cd-95a1-b35a9b0cad3c"},"software_specification":{"type":"referenced","guid":"45fb5024-5a04-4821-9565-559314a6525f"},"tools_specification":{"supported_kernels":[{"name":"python38","language":"python","version":"3.8","display_name":"Python 3.8"}]},"runtime_definition":"jupyter-py38"}}}