{"metadata":{"asset_id":"d1d423d6-1ee5-42cd-95a1-b35a9b0cad3c","asset_attributes":["hardware_specification"],"name":"IBM-AWS Immersion day Lab 4 Runtime","asset_type":"hardware_specification","created_at":"2022-07-21T08:13:35Z","description":"","origin_country":"us","owner_id":"1000330999","project_id":"c648735b-6901-401b-9076-6f4d656bf249","sandbox_id":"c648735b-6901-401b-9076-6f4d656bf249","size":0,"tags":["dsx"],"usage":{"last_update_time":1658391215942,"last_updated_at":"2022-07-21T08:13:35Z"}},"entity":{"hardware_specification":{"nodes":{"cpu":{"units":"1","model":""},"mem":{"size":"2Gi"}}}}}