{"metadata":{"asset_id":"b57f6647-75a6-498b-b280-a7073e15f272","asset_attributes":["notebook"],"name":"Region-Wallonia-LSTM","asset_type":"notebook","created_at":"2022-07-21T08:33:33Z","description":"","origin_country":"us","owner_id":"1000330999","project_id":"c648735b-6901-401b-9076-6f4d656bf249","size":188225,"tags":["notebook"],"usage":{"last_update_time":1658398029389,"last_updated_at":"2022-07-21T10:07:09Z"}},"entity":{"notebook":{"kernel":{"name":"python3","display_name":"Python 3.8","language":"python"},"originates_from":{"type":"blank"},"runtime":{"environment":"bf5b731e-079b-4b3b-a8ca-3ad7bcb3a931"}}},"attachments":[{"id":"7eea3f6b-a450-4472-8a24-bc37e14534f1","version":2,"asset_type":"notebook","name":"attachment for notebook b57f6647-75a6-498b-b280-a7073e15f272","description":"attachment for notebook b57f6647-75a6-498b-b280-a7073e15f272","mime":"application/json","datasource_type":"81bafdbd-b7c6-45c5-a4fd-6ec135f66f4e","object_key":"notebook/Region-Wallonia-LSTM_le8xjCT9G.ipynb","creator_id":"1000330999","create_time":1658392413970,"size":188225,"is_remote":false,"is_managed":false,"is_referenced":true,"is_object_key_read_only":false,"is_user_provided_path_key":true,"transfer_complete":true,"is_partitioned":false,"complete_time_ticks":1658392413970,"user_data":{},"test_doc":0,"handle":{"key":"notebook/Region-Wallonia-LSTM_le8xjCT9G.ipynb","upload_id":"done","max_part_num":1},"usage":{"access_count":0,"last_accessor_id":"1000330999","last_access_time":1658392413970}}]}