{"metadata":{"asset_id":"45fb5024-5a04-4821-9565-559314a6525f","asset_attributes":["software_specification"],"name":"IBM-AWS Immersion day Lab 4 Runtime","asset_type":"software_specification","created_at":"2022-07-21T08:16:31Z","description":"","origin_country":"us","owner_id":"1000330999","project_id":"c648735b-6901-401b-9076-6f4d656bf249","sandbox_id":"c648735b-6901-401b-9076-6f4d656bf249","size":0,"tags":["dsx"],"usage":{"last_update_time":1658395743707,"last_updated_at":"2022-07-21T09:29:03Z"}},"entity":{"software_specification":{"type":"derived","display_name":"IBM-AWS Immersion day Lab 4 Runtime","base_software_specification":{"guid":"ab9e1b80-f2ce-592c-a7d2-4f2344f77194","href":"/v2/software_specifications/ab9e1b80-f2ce-592c-a7d2-4f2344f77194"},"package_extensions":[]}}}